Time,FP1,FP2,F7,F8,AF1,AF2,FZ,F4,F3,FC6,FC5,FC2,FC1,T8,T7,CZ,C3,C4,CP5,CP6,CP1,CP2,P3,P4,PZ,P8,P7,PO2,PO1,O2,O1,X,AF7,AF8,F5,F6,FT7,FT8,FPZ,FC4,FC3,C6,C5,F2,F1,TP8,TP7,AFZ,CP3,CP4,P5,P6,C1,C2,PO7,PO8,FCZ,POZ,OZ,P2,P1,CPZ,nd,Y
0.0,0.02509684707492597,0.02573317644706967,5.894009441766384e-07,6.693470263472404e-10,0.043575641525576844,0.020923245173170086,0.03723069892390496,4.8891789693213656e-05,0.0016481004974000714,2.223576766517395e-06,2.1739207065625176e-13,6.242899480599307e-07,0.00012984859822337606,4.841850488476168e-29,8.830848919996158e-18,0.13483403408929154,0.004826880148361766,4.7499236027489146e-05,6.485199313102284e-10,1.1366207208493642e-06,1.1046668234160205e-06,0.0014435771014049846,1.1974025007135684e-06,0.004529686978507372,0.02436494682227539,0.0005397513833879525,7.468399711601815e-09,0.03035123232930692,0.004964901385887259,0.02609753409135213,0.0028174832005270867,0.005283293516148488,0.008486421849141413,6.062006143516033e-05,5.426579122646112e-05,4.763915748454225e-07,0.008525799874604188,1.5668484011787879e-15,0.059033723100703615,4.4836281784146556e-11,5.848116053886762e-13,3.785006322431164e-10,1.5515947479499504e-05,0.010691410584706216,0.03860584985813843,1.9712520094726743e-09,1.9482658914116033e-13,0.03861118993059917,8.48165708538626e-11,0.0012916397569285511,6.864060309458787e-09,0.007408717810219241,1.57368493108192e-08,0.6659358329553458,2.782728460608428e-06,0.00038675455804911923,0.02292078127780436,0.023875448491313556,0.030644438945013244,0.05243564844062006,0.005294310639731307,0.2979774389680068,0.02148316333044619,1.2462455883128884e-10
0.9411669273614799,0.0,1.1190103773547274e-40,1.538801117199969e-44,1.6231582000652057e-27,3.6150840766888317e-13,2.1086029163164164e-19,7.599581960987514e-08,5.833190719255659e-29,4.257864854694172e-28,2.6830778451289545e-15,1.6116275379146686e-24,2.4663861964307296e-21,3.1601343123582093e-27,3.5287681017711945e-09,1.7423752935034172e-09,2.58195731648468e-14,0.6002196569700614,0.2575384766761009,2.916633362903414e-06,3.94942733823885e-05,4.574842960496902e-22,8.312503225756736e-11,7.090729118384627e-16,1.4551968069404048e-05,1.4750907428998715e-10,1.3567064196726222e-08,9.08471231265038e-22,1.3932101029267469e-06,3.653268042558135e-06,0.00018658244804638094,2.696299157954186e-06,0.20489240007629916,6.544458533706786e-55,7.202416372782858e-41,7.145346980869357e-39,1.87118448635242e-37,7.2348477895032165e-06,0.31534963362336743,9.563725126718319e-39,5.438113187939828e-19,4.8271967028287114e-42,0.00010492397220560397,2.6215010925635944e-05,3.681988953680216e-11,2.928919912175698e-10,1.2421854500904622e-12,8.282744340286843e-27,7.826247957008062e-10,1.5427835533824047e-28,2.125108283379902e-09,5.487791779544303e-24,0.00023427148280206835,0.0137293662892906,0.00011467290338600514,8.4663097200056e-05,4.932212444561499e-07,8.994957418599052e-05,0.0001484010627050889,4.115298414927141e-05,3.482784618254476e-05,2.3614422397132837e-11,1.3908854578512778e-09,0.4044464388575404,5.437009499882297e-23
0.998872679108763,0.022056347619729997,6.547737827486112e-259,4.793689228135527e-41,3.307413277833685e-30,0.6504933015359844,5.651637337683507e-06,0.09750840366883715,5.1692093520375965e-21,8.409847782806838e-13,3.003788404072433e-15,2.058008150750893e-21,6.259401448245659e-16,2.2469833943227153e-17,3.3812276436008787e-06,2.0550159658576464e-09,1.4100593568660656e-09,0.7612245480073945,0.3363194932904149,8.571968488404721e-06,0.0002766314521644322,8.32181436012759e-18,2.528029465388317e-10,1.0277847310411767e-14,3.1247109770264785e-05,3.1281030984090124e-07,4.789387317775346e-06,1.1494792567579871e-18,8.772436715392192e-05,3.454399908275735e-06,9.10139283424058e-06,4.917462012000964e-07,0.7921262826801647,6.502929355050189e-16,1.2862362415407726e-28,8.178698864137325e-30,5.018673138218033e-31,1.6993320204860934e-06,0.014356638117767679,1.8665196115323832e-05,3.601286324469941e-16,2.73933237181733e-29,0.00020825201769959423,0.0003284788495722427,7.99481318698436e-07,0.0067129866644268415,2.982101434267105e-11,5.166054274586465e-25,0.21825407869489333,3.0264591999094944e-27,2.792999004723873e-09,2.7589994885959874e-24,0.00031332517799502127,0.03314018360068582,0.0008848522354901067,0.0005551901451981971,1.595442355066626e-05,0.03523312195924132,6.191385452217499e-05,3.70291552005757e-06,5.579372355828652e-05,6.678065025768668e-10,2.405326515415318e-06,0.014495455984069925,7.392381097937218e-21
0.9990734321823849,6.631925381212822e-06,0.011002585801605416,4.822908978204862e-162,1.7500313029853277e-18,0.329817542266222,0.2606475225831332,0.9551547651313927,1.3224615068100887e-07,5.171176690113654e-08,9.292450744595648e-10,4.2933745678252156e-19,1.52977951111189e-08,2.094060296189555e-11,3.286990101621958e-05,1.1709388408592026e-10,3.898864551312352e-08,0.5391409568925973,0.3271865862966523,6.827036151781415e-05,0.01799647893704634,1.5864983892891954e-06,6.4498849120091075e-06,5.151409036630812e-10,0.000619303614233174,1.553837977413354e-07,7.801844050893255e-08,2.8790295253303207e-18,1.344646545414273e-07,6.618819917328714e-07,4.278499894553508e-06,5.564289756965373e-09,1.3996537833771329e-09,0.00015866497133977823,9.147589844834333e-05,8.232307830174312e-09,1.5138107504855407e-12,1.5904289418363782e-06,0.1450309067252438,1.0324644713801092e-07,6.64536783245895e-14,3.3279881199649546e-26,2.0758610572526063e-07,9.918940884236876e-08,0.001534603401723819,0.472546104744356,5.534444092522541e-09,1.6025727837952363e-21,0.31689779399493373,4.497534659989509e-11,3.304512731519839e-06,1.5436156716485528e-17,0.003065265735306239,0.06594777795717173,0.014558114444359456,0.010854482831882954,0.06699332325722777,0.3808656260986266,1.2560972261199627e-05,7.088604793673921e-07,5.9083889611091596e-05,1.1143869578410743e-07,0.0004300484609574701,1.4598191210483275e-05,9.634755241506752e-10
0.9996464152221328,0.008845270170222073,0.010209410049186157,0.8321542716414192,7.803745594778909e-123,0.12414309597952009,0.6588823794043376,0.07927036926869313,0.0003342066656103331,0.5433864307634935,3.338450751840092e-05,8.073281377062114e-09,0.0025782691853024385,0.00025600004720777874,0.017976778924972035,0.00029382035205547524,0.015893247461529692,0.04618720694212194,0.32716434458999616,0.19919351173781696,0.0702922843548078,0.02196084821416323,0.012850216679520373,1.1833855331809921e-05,0.006083070400612024,4.166353497736348e-07,2.0214286121870103e-06,2.5193186087738695e-09,7.0122695599105e-08,4.532270033605037e-05,9.88161504482809e-05,9.143863069465141e-05,0.017476352149965225,0.015202754285169293,0.002054613990355571,0.2380534915651993,1.8024714075885018e-06,0.004642375537655156,0.0001963027820763812,0.0009813286996573226,9.901982487424566e-06,8.264450694011221e-10,0.001644004007705853,1.7336096959840508e-06,0.1298465787256213,0.2399414230300066,6.212945831800401e-11,2.3883644682326164e-05,0.7291499349271735,6.094534179058516e-05,0.0015962404723223653,1.5506905833215543e-09,0.013374515341053283,0.003313155333602865,0.21278376244281705,0.1314707383549269,0.21499177903033864,0.03567051507487675,1.5835306755908964e-05,6.754933922967388e-05,9.858857380709996e-05,4.1990979678999264e-05,0.0011923121829214352,0.007677103434628466,0.3559720256703594
0.9995885447314143,0.8308006597587186,2.0479406825555145e-19,4.460042476133254e-47,1.9134538568226593e-26,1.9431536183052426e-287,2.468362411821363e-13,0.00022007848248920423,5.012526474096577e-26,1.8583305235370188e-26,5.837445556879285e-13,2.6728434779015264e-24,7.914210203051146e-23,1.4841601433865034e-29,6.008909910694234e-10,5.694445560951358e-11,1.5243620406082754e-13,0.6508382285037442,0.3397315474965155,7.99635039845729e-07,0.0001121579189408169,2.9367162655300204e-22,4.292953028452987e-11,5.575907713655083e-19,3.1614725322658384e-06,1.1822623079126918e-12,7.450991534261372e-10,4.856252450564641e-23,1.3060732980777847e-08,3.401757305869549e-08,6.178480023401367e-06,3.675597548854403e-08,0.13693491720711576,1.0039436603203843e-29,1.7692256077193265e-28,6.693972623698674e-44,3.5017027490028116e-33,6.299090749046515e-06,0.3198930915041958,6.758806921234e-19,5.4161970966002794e-17,1.5796299982288042e-41,9.369569790369004e-06,2.212593120225027e-05,3.447732011095575e-11,1.4329920042842687e-05,2.43356699638985e-14,3.092433744454615e-27,8.677276114401357e-05,1.2086648988460018e-28,1.0708553819884624e-09,7.7740455442379685e-28,2.3744254379738338e-05,0.03205969813590962,0.0008946219618123088,9.913176304241556e-06,1.3368351991268275e-06,8.90620819615685e-05,3.580783917279909e-06,7.78140918458643e-07,3.606879410644672e-06,8.082846512476373e-14,8.208637837679707e-11,0.7689169048198865,9.986583782572016e-22
0.9385584317926395,1.0771947574173471e-07,1.1052296272169255e-24,5.680405487419603e-40,6.716571449815181e-27,1.1426950992857422e-11,1.1921754727945151e-276,0.00011377259068871754,1.8472133684017285e-29,5.832546162617655e-26,6.757174042589452e-15,1.0991869828211489e-21,3.8830893684270226e-26,6.731992594022959e-25,2.890912735922355e-09,2.594227317353454e-13,8.77655798804453e-12,0.4434625939761848,0.3062484639074437,2.759948317547018e-06,0.0007352509712160907,1.685461620417462e-24,2.3705138333809285e-11,2.6989818119179898e-20,4.641245375441803e-06,2.161040964750662e-11,1.0499109719048542e-06,2.323692261064989e-22,7.482236709491106e-06,5.436285146243972e-08,8.651709511390407e-05,7.820732765738639e-08,0.007580028185280527,2.1052262442401152e-23,5.740769243447545e-34,8.031405466261675e-37,6.24262479814777e-35,4.213438466188529e-05,0.2644237580823881,2.665589135766224e-24,3.0560129892019595e-20,1.4514619772697214e-36,6.094046981869812e-05,2.1778719232297648e-05,1.616140735058214e-19,1.48280960768591e-10,1.0617703610982823e-14,2.061439158367089e-31,0.15345502483207563,7.991324740421766e-32,1.3697771757559715e-09,1.1690045106292861e-29,1.7110176048152308e-06,0.017366737168314054,0.0012336308473778722,0.00025743546432543436,0.000555643321840557,0.0011765317015761452,1.1830095200481553e-05,7.86842298019931e-06,9.061471675753048e-06,3.927970477062472e-14,7.494645765279144e-11,2.1851812381145208e-07,2.843270560085813e-23
0.4042170696056734,0.07414964647173701,5.367152158656279e-14,3.544690008259572e-37,3.3677070862031505e-26,0.0033053212128491636,2.000784178393688e-10,1.5790567995425768e-277,5.847771974690997e-25,1.2174617427992473e-25,9.218255180062012e-13,2.094446602185232e-21,1.3594361365344012e-27,4.9113771159653526e-37,6.635237802178277e-11,5.417376956332145e-12,2.429463669388737e-14,0.637141326932578,0.20537443614104434,2.0476124654186596e-07,1.9969252430361056e-05,7.390817563467725e-23,8.846460417965112e-12,2.2580621299589047e-19,8.29573650716662e-06,2.938543510270601e-10,1.1265851682839022e-07,1.283604929499497e-23,1.185511509058739e-05,6.390251949324729e-08,2.2618361243623447e-05,3.0110164669421205e-08,0.8657941409041536,1.3302041716242004e-17,2.5055101790122968e-26,2.179672981266854e-39,2.5240685278020344e-30,1.6005330484039095e-05,0.3346566163909982,4.290597338636499e-11,6.37823362665626e-19,6.712113473425697e-39,8.755416789494075e-06,2.117678526973154e-05,2.608183210046603e-24,2.0202115545911442e-08,5.91954598605807e-15,1.1362508445611822e-31,2.3221334524150392e-05,3.942790343526321e-30,4.0223370861700173e-10,1.4281393558407102e-28,4.404793436766354e-05,0.06966438512789733,0.00025540173232947114,1.1545686018439725e-05,1.0464261485357448e-06,8.640664719031744e-06,3.8842639473574535e-05,5.750030408279746e-06,2.76407777323692e-05,1.265727537081981e-12,4.591852448375075e-09,0.10781738860538835,1.1238868142612394e-21
0.9681364633649022,0.0016071572141993413,2.8200808390637435e-14,1.4437729560236428e-17,9.678172992175618e-24,3.4668754069131756e-05,2.473574309535906e-05,0.07327916692662396,3.200120819640387e-194,3.302310488597731e-18,9.896383289048306e-14,1.1537596088595897e-17,6.930403002248601e-11,1.8096987623174165e-19,2.0032156929643184e-07,9.847233040422226e-09,6.746813098169436e-07,0.6223765971909654,0.036588939313099755,5.145457800203066e-06,2.2168295607933482e-05,1.3508497662183465e-11,1.4312656541029862e-12,3.9673491335484646e-11,3.1431895181452314e-08,6.851404639236603e-07,1.934607314913727e-06,8.456607579183186e-14,0.0005537589730408933,3.369107526259203e-06,1.4110664664904258e-05,6.25036915428251e-07,0.7077739574504489,1.1067736567115993e-10,1.2007588552824477e-19,3.4550876669030006e-17,2.5122497283404663e-26,2.7369226727502485e-06,0.03968121229540712,2.0465884195835587e-06,9.729443162308494e-27,5.818268762051381e-28,0.00012293537674829466,0.000226955606153529,5.084604848643205e-09,3.1196213812660027e-07,3.700121112558501e-12,2.588623257219065e-23,6.238690638517255e-05,3.5796092803970735e-21,8.818969922276551e-14,3.9530188389110805e-17,9.224025509074244e-08,0.09666170302646603,5.8182285220723234e-06,0.0006637289758616759,5.124498387156227e-05,0.2594948575715256,7.064631427707119e-05,1.5994082927469446e-05,1.040029436653029e-05,1.4404494187501967e-07,5.089296615744193e-05,0.002744940625493906,3.35184952232557e-16
0.9723497359189516,0.06353574074275836,3.858634353288629e-07,2.5646800110908033e-39,1.1899390381901835e-22,0.564340921274286,1.8473937752983312e-06,0.010470134576701463,1.3762127884064045e-23,9.863469782340983e-222,4.475465757521396e-13,4.7789993074924785e-23,3.432624129737527e-21,2.6758001442214035e-18,4.429911617496839e-09,5.105442462012045e-10,2.9661576753710323e-11,0.2723424732921961,0.3729897489715389,9.5635071518334e-07,0.0014547644837237526,8.491615134908797e-18,1.3675948368941398e-07,6.231543551707076e-16,0.0003756921471500117,5.824236632110976e-08,1.0315010953987734e-05,9.685614949410112e-19,0.0006053575380806108,6.583724406978195e-07,9.575076818177055e-05,1.4757143032686945e-06,0.047537274934519966,1.5857713339205652e-13,7.27504837818285e-17,1.5708166548378377e-29,4.951427564553712e-29,6.467444534657789e-05,0.32596759955646315,9.423933668982456e-05,1.0106812330624439e-14,3.236095204445516e-39,0.0001317202694622884,0.006438577089733429,1.9559340450020078e-07,1.0405952134652753e-09,7.650000249360877e-13,3.419942114849153e-23,0.004679679909717235,6.72911903387476e-25,1.3254834342532384e-06,1.2933454742201375e-22,0.0014372794852816704,0.022644786571417237,0.01019845044838773,0.00013918297465899727,0.00013324294814447366,0.000389178291063548,0.00021617486905533987,8.69259014546886e-05,0.00040278572223630956,4.4412530243358955e-10,4.057895676551753e-06,0.08646388872003928,1.7820174034390818e-19
0.999634648917016,1.64416907215206e-06,0.013486768464862684,0.0005414223424980662,9.084219429906873e-07,0.5892148516170224,0.1714131462130385,0.18339215562642958,0.006448404527811268,0.008299980410291022,1.3130803966601896e-121,1.6114015227642276e-05,0.0005796496774544763,0.01609831300012086,0.6812615215587521,0.01688459895683738,3.830062374239721e-09,0.83137413765465,0.8579132968235821,0.577924834072882,0.1510630289731631,0.0026108024925043183,0.014362587150164564,0.000535864753875422,0.0002537134694856487,0.001966249871175715,7.312463126320427e-05,0.004810890528965386,0.020440655026484452,0.00035034953413588577,0.0017850689226802292,0.010786751214513193,5.192894857327127e-08,0.0031115029321218107,0.10378478104104219,4.652764772024696e-05,0.0025932253434480545,9.953463612991682e-07,8.85302994131074e-09,0.0005096814538816195,1.5507698749229108e-10,0.004334198629252025,0.0115134291453913,0.0022202905462186703,0.00015131861312958384,0.4419984105917374,5.116438282698366e-09,2.5930180045328867e-06,0.039710255610741964,0.0001132483484805101,0.00037459508624758305,5.19037830062745e-05,5.4431573202040655e-06,0.714893389618046,0.21159011614577622,0.1303521993087716,0.11418298418658519,0.5743648992759836,0.002388516693237321,0.006179865965977634,0.0021805179781331304,0.00032257786092324665,0.002360406845086788,7.578954782450769e-06,8.170653001109018e-06
0.9768998716353245,0.00173521161219748,0.9254604503331769,0.054104585169853156,4.825623426620487e-07,0.00012549202499397444,0.01209253151467907,0.03270139981039514,0.007475659471821043,0.0004019983852700455,3.97887341753163e-05,2.3553735691888737e-116,0.007220245713502045,0.09895410389537984,0.12397000149010057,5.4311318743828365e-05,0.009977564611351223,0.054473137754351,0.017946884909262596,0.08930837589420268,0.18689389439430487,0.0014570941718213988,0.003365403568255596,1.5361227604142856e-10,0.0021373408248544852,1.613911925681036e-05,0.30350486852869607,3.3484219689666017e-10,5.2983077031727985e-05,7.137547601590393e-08,2.6187898141803004e-05,7.754837067609224e-07,0.0634950447803974,0.7010171171232702,0.8154141413296747,0.0071764235064388,2.5222492916555076e-05,0.8206308788372859,0.008325700648996752,0.006383378627685599,1.0830006427826252e-06,0.09156476423431811,0.9442767957156695,0.8190475726877169,0.004450891816606156,0.000328637860313438,0.02219394291728856,1.6366390859961652e-08,0.00809781081791808,2.580226727137829e-06,0.06876983247438737,5.366942302639123e-13,0.002356162000967606,0.007579499303231156,0.007365449547814802,0.4948920540998146,0.8004652056884848,0.6321182282058584,4.422088198089928e-06,1.4441977956040762e-06,3.8272735581207824e-05,7.475338592618091e-08,0.0004845425773798566,0.0007944646748464236,0.18054842722341685
0.9986247256618388,0.9531889313695784,0.00015787646643231328,1.6131686057456902e-13,1.375063032694955e-23,0.3480462306976844,0.22793103029359357,0.19366841209955288,0.36137839788483844,1.4456835381481911e-08,4.172773224233462e-15,1.0667227220659289e-12,1.3153380456974064e-168,8.0711981225002265e-19,1.9864924584487627e-05,2.9031798135562435e-09,0.006846769512275287,0.7853102591539366,0.06587489132165607,3.393522551156454e-07,0.00012074861446709261,7.448668611630195e-06,4.882392140192232e-13,1.6852367004043977e-05,2.0884987471657922e-07,0.0012529100583086614,4.673596791448746e-05,1.9027867005247345e-10,0.006710596951790974,0.020003921531257796,0.004745835505695882,0.0005079646046853681,0.7060065695752225,0.0008145720920949264,1.517351724035933e-11,2.9045676820956343e-12,6.799036960988046e-16,2.0842960965084794e-05,0.009060129986667201,0.1105201365867893,2.0936204832669824e-33,4.317982356830742e-24,0.0005218672638239868,0.001073702837051382,8.001005639698995e-10,0.040491161684876716,4.219534677580256e-07,3.462954405274026e-18,0.4142297168467347,2.4568800393201276e-17,1.967789438463998e-12,3.1345559855231633e-10,1.8469610455557772e-06,0.3345836497702466,0.0007794293287855195,0.0023237006103744014,0.00022813261866170756,0.022020221540215306,0.020858078195096805,0.006455772617311534,0.00021337678446878416,0.02022980252856211,0.15208058045115522,0.9887371424630936,2.231884897515278e-11
0.9913438025408022,0.019526056380283305,3.225977674904515e-08,6.665801580920917e-31,1.415393071210407e-23,0.008467089878740749,4.0541536998296145e-06,0.1966058324767617,8.221128050708298e-24,0.04547002356725992,4.316155540686406e-12,4.761600960405377e-25,7.541979757555259e-29,1.856632763423373e-176,8.69447001520446e-09,3.7457798796402425e-08,4.014906978916702e-07,0.34118873856960036,0.23785281687693824,2.8927962261535605e-07,0.00022434985605233808,9.800754418778872e-23,0.005498071540521321,6.995844274372475e-15,0.39841772539871545,9.123233692209161e-07,3.404356776150388e-05,1.92382467642443e-18,8.301581706851534e-05,0.0006082898219677765,0.07907529642663268,0.0004411349058282264,0.006473486681614368,1.1022417854620715e-09,2.5863732295923523e-17,7.677945180329143e-25,1.3792688305649993e-22,0.00017219955034083293,0.642563562078176,0.00011660905322659462,3.617008742946725e-14,2.910608359332771e-42,0.00044705274948579057,0.007512201713429876,1.0495043826959004e-13,0.6397537178288004,1.4888939696120153e-08,1.6304215345925e-23,0.03050498829308815,8.522268405699085e-29,0.03726960117763367,5.918632668179704e-21,0.6621612474286616,0.03341678647677592,0.005992341918693436,0.0030237254294070786,0.00038690567162531927,0.06603526206599747,0.07475928611158163,0.05160246394546838,0.3530051804260279,1.7767390141481066e-06,0.06014271337853271,0.02218614509703862,3.020471356559973e-20
0.9993149962575559,0.2516012375271636,0.0739873198987797,0.050174133327615535,8.23942129209453e-09,0.026564343364742223,0.004384439300258286,0.16000676550817655,0.1753464024528095,0.0035274114714067867,0.0016645187005399752,0.22031245734343632,0.6241862286276707,0.05018488700957144,1.5843748522751532e-120,0.3139360947788176,0.00011670352090669394,0.014583105046137813,0.08193244443138667,0.010393098367973658,0.03295573007911293,0.43670199140248345,0.2391275828402561,0.42217353011979064,0.024972951691963143,0.01554273034775158,6.030457694589317e-06,0.5776108887107314,0.022373154959295174,0.02152514686541242,0.006329198730493081,0.5123577928823632,0.006904877579009796,0.312620441307973,0.06198312934482409,0.00028452914143998077,0.0014462961117970754,0.1907372543844785,0.002776356590620577,0.9578285725033453,0.1458530143803701,0.7840843890781217,0.6278423745558775,0.38349343946111425,0.1378754649095738,0.03357123572065927,1.974534597390233e-14,0.01350122500627736,0.0033228205157532264,0.032069044338416994,0.07520407597013591,0.4420126186036115,0.016331474025813548,0.14786273960667293,0.0037190454265737826,0.0844194440229388,0.06029892197196737,0.7262305504701789,0.028502322036667933,0.10730780790239981,0.02544356123604114,0.04034403949348324,0.016461248988673384,0.24961898535283894,0.00788053815045395
0.8449676789510085,2.1383088043625295e-10,0.0035707174522731184,2.3812269831564218e-15,0.0009591940535203388,6.313469953938479e-14,7.851624734002568e-08,7.62728318638147e-10,0.001459838382806315,3.5854286552715934e-06,0.019065527776666192,7.546228429943091e-09,0.002498981095962308,0.13086551189528103,0.001180746983279192,6.89748374703314e-115,3.903333436274368e-07,0.7851228615678728,0.3247837829977123,0.05076267048026853,0.3204547050698145,2.4253868363906175e-06,0.010442114047850046,0.3207944311046092,0.010921058334955795,0.008316824472429247,0.023227439120777894,2.6796458665709738e-06,0.00042017492563112816,6.264944224391482e-05,2.88981499037013e-05,2.319152518791383e-06,4.042511636041834e-13,4.653814839697044e-06,2.2867216889430918e-05,2.194075689836789e-15,0.0032592663655959865,0.4415983029383669,2.1360062077918603e-05,6.694044730613379e-13,0.01581785400358026,0.015654447286445508,0.22509675174181085,1.3417625297704685e-05,1.2640321893750377e-06,1.7434446094762487e-09,0.08227455895283671,0.5180372929722314,1.7744124471568703e-12,2.5879041775508217e-11,0.5017413122707199,0.2945575798076252,0.00906741928038512,0.3403469072562205,0.24364383976737447,0.04408786707192014,0.10209204251556446,0.00014885681322340734,0.00015090640031495655,8.163636481135085e-05,0.0009530872006563903,0.14414173583709797,0.1892878559185532,4.536243517691998e-10,1.4184875653134853e-10
0.9720547465514904,7.007426554540735e-15,9.75172397290252e-23,1.7967263270002183e-29,8.412682366031444e-24,1.9599502142736444e-18,6.209607375919613e-10,1.0119849725230062e-11,4.596966974192359e-19,1.6370313988619917e-19,4.2032004902499694e-11,5.042240147067825e-22,3.0896893835185762e-16,6.356309754912826e-17,4.926218146737772e-15,3.457257651256921e-11,1.9717215152581016e-278,0.8949749883718399,0.018745827590109874,2.092097062900652e-06,9.364518122003913e-06,5.772139917192077e-21,1.0524274015768127e-13,7.733683697074171e-18,1.483755683983749e-06,5.139474524046671e-09,8.666224714158052e-09,1.414449481542984e-21,0.00017370735872793624,5.091523929684456e-07,9.702309759356175e-05,2.7760195237221057e-08,7.865424745141697e-15,1.5959405595058952e-16,1.6070980690147316e-25,5.157551622068488e-27,1.793439120253636e-24,0.0002840377002985432,0.4779902048185316,2.0967165563113804e-16,4.059058430286989e-13,2.727990943910837e-29,2.9062491501768385e-06,0.00045913737833972324,1.3389074598788027e-17,7.266797509698925e-14,4.261754764953869e-18,4.8991798972885824e-32,4.3008821881433457e-11,6.799536338477025e-31,3.0689995903621746e-14,1.6244820077783655e-26,1.4754486454337605e-05,0.05099234791951982,1.2189246624659166e-06,0.00040212725960168553,5.666711582057909e-05,3.3256096055093874e-06,0.00022185222022070862,3.275837204538907e-05,4.657719599564905e-05,7.1457062719649165e-12,2.0089894914075675e-09,1.2288141349000732e-14,2.2384951504130492e-17
0.26039237329959386,0.7700053047638116,0.873751535804451,0.5313979206331461,0.08509627298755643,0.9698312673082823,0.9395745862069755,0.8786682704636332,0.03630322668931418,0.4742976229434166,0.1603185178506258,0.9464176470679037,0.3856903709695243,0.8186063798199464,0.6987124697900002,0.24549267720418808,0.4854843021828268,0.00023723573785889985,0.19584947514762505,0.6786149829806196,5.1750117105921375e-08,0.027211537329658052,0.8190324207181008,0.011181489082464309,0.8623148374390287,0.07827901755467691,0.5859496548459768,0.0002345143409063093,0.20530423267276934,0.0672326764928814,0.9554063588817969,0.38537665153011236,0.2393024817072293,0.2901068247288434,0.21215257947005192,0.9893684609932654,0.016499189805121526,0.0002758963175935916,0.27661353451631665,0.6786175831471417,0.5217271252700134,0.982240107987327,0.9298442692521011,0.029931431532928154,0.6089022612986621,0.6787631487859189,0.12153199098422267,0.40605944296359986,0.8668903425780882,0.3510036281852653,0.7632738828389161,0.008542124296504468,0.7050858155310218,0.4335081433555712,0.0010965901962705,0.07667554527134847,0.0005104390508740789,0.6022672934303359,0.3183687989233403,0.5777208247826555,0.7065920484251929,0.03552138461185914,0.30178301256757273,0.9864829948153441,0.8997174538023407
0.9972383398849228,0.5203757008681855,0.609728466857975,0.4888121052863761,0.7550374465901294,0.30110038942413586,0.2766425703995353,0.7721596071201332,0.3453296908222806,0.17941939645647062,0.05913721480083598,0.5684425569131437,0.5860329931609392,0.21976017477508647,0.00040408046394564185,0.025659562744817,0.904640270943177,0.22029186245859378,0.15385355622579752,0.006359602183271481,0.40642445045889986,0.4365042111201971,0.04628572447803877,0.9831198207073715,0.04058636375900387,0.8534548322072056,0.3902435033735586,0.5433084557744923,0.7270218152226818,0.7341359832171466,0.6879384906025627,0.8318203653812304,0.3182775055419564,0.04525941570978768,0.3614215784300589,0.8072118527349947,0.1958649507665448,0.05302912875244532,0.17880486001493134,0.2949294991472094,0.5195131385868137,0.2214789216387897,0.0004263013932623896,0.43447414710255616,0.5571040702583486,0.18221112435925693,0.14007197828216988,0.12873842855040718,0.5087014347580684,0.4308298153354828,0.003946675804848387,0.7025006227361779,0.04994118362149314,0.5513186620635271,0.001284190839579297,0.9850274224007908,0.06206088712172501,0.7356164533978226,0.8669918946581651,0.9932123622417026,0.5337539969446745,0.9460843722147001,0.9914627224952374,0.6096537577446794,0.7979496917218529
0.8209043801116224,0.13050125411897096,0.1317652489807367,0.26824655533035735,1.8720663186126468e-05,0.11107966254599289,0.0458723284798293,0.21137137880847956,0.013014666433999105,0.2725643801997488,0.012417431380419857,0.00033387076593557565,0.005837090255075659,0.5549910905962673,2.2637431296806527e-05,0.013063947528599133,0.667906667757568,0.043617845353294514,0.16340339810199894,0.7474049683085421,0.032773044593379805,0.0006123002401903347,0.060584260333997046,0.0005351989464087205,0.3656072718402493,0.7857923502293119,0.7555812918159224,0.002238172942584781,0.9630830866001842,0.17135282797260154,0.3005442828257645,0.11940167775597135,0.7866676527481755,0.000349988817099497,0.0011201889513609638,0.02605728369327129,0.02570741168070245,0.0002207053063682852,0.8731060966243471,0.20647946184119093,2.8563014743679765e-05,0.01381910297924372,0.4319351614988256,0.7238034686595255,0.051050921496481994,0.64392386036383,0.007159659503248812,5.964639332979942e-07,0.05485087808979538,0.0006575137033359938,0.5053397391537404,0.0003926226317724422,0.3002940717566292,0.31017572068419574,0.1534451402579555,0.08084045795487978,0.8588104356743458,0.6252745543798783,0.3878427130146941,0.32113099773069587,0.6349756795511433,0.03855065112293014,0.13479149116407027,0.13655680978926876,0.2282511571289191
0.9724935718400599,0.09053388514857494,0.15162832471470258,0.0026099463177458554,0.0001877917631936961,0.11171834215518135,0.00696107266926247,0.19647390595498762,0.8412614741569696,0.0018943386993122934,0.7913816541978266,0.001301539177855499,0.3542563348394299,0.006345314305231046,8.014284182700577e-11,2.5026289658513167e-07,0.009431953354272854,0.23362389465193512,0.011668676887114331,1.709826688281307e-06,2.155516696058016e-09,0.04391656212788791,1.1263820614049215e-05,0.0031589078966184543,6.790143538615297e-09,0.003875282024173582,1.278844828747119e-08,0.0007845572316549019,0.0004542324837952081,0.03824492362829659,0.00028111218874003004,0.003300036741768012,0.5071623037589681,0.0015665099059630277,0.0018155394220241176,0.0016147089597440673,0.524887567651144,0.01863716269273814,0.01450153778351216,0.15155790512226108,0.051410392280516505,0.00014111067029597816,5.906949806287677e-11,0.046980148532306275,0.9444781865515451,0.01264031053214371,1.6835645892011752e-08,1.0524806178077223e-06,0.12794538291283183,1.9413763880556894e-05,7.055694568754192e-10,8.044328409396222e-05,6.892156495605152e-10,0.12385516345495426,0.008352051316370976,0.007306623528516402,0.005115531167849798,0.23301744939677563,0.00855168409754011,0.0037876232215670455,3.120694428255059e-05,0.050528367769281934,0.09197576957020209,0.24621599481964962,0.06935728788298035
0.9124251601609813,0.6750977473401605,0.001140745986321594,7.968368289396549e-07,2.8239997231262233e-19,0.5925986307204791,0.2084392586060126,0.03397225827856805,0.14383808132519582,0.005153640368126226,3.0692144162948646e-08,3.365950999496681e-08,0.5841028838339957,6.972302208344758e-08,2.7106024311649876e-05,1.41427511882715e-10,0.0012661227587760786,0.99492582932974,0.01026915754642477,3.4227092168189594e-05,1.0132906381955408e-05,4.074437347767179e-153,2.3394818598942794e-10,0.12491095164891815,6.157135032801629e-07,0.008553925954365837,0.00015326442598649672,6.980266197305438e-12,0.0036079273773768315,0.11535188512621176,0.004770985216836019,0.002011503794878594,0.1821211569955059,0.0033013664086604575,1.2583456272677005e-09,1.1974925424898534e-10,2.9760304799443834e-07,0.0004582168786235202,0.11462736884764052,0.704534914533958,5.803119216746856e-14,2.177593743709508e-13,5.221987897143177e-05,5.7830957923313866e-05,0.00021936884960795582,0.8868288401996679,9.52681228591617e-07,1.7544714192030752e-22,0.4158905322022436,3.430411681809704e-29,4.1718428582638746e-12,7.364743709530552e-08,1.7724391608308374e-05,0.5811149074410779,0.00020066707026197765,0.0033565639205178043,0.0003398888843293608,0.0006742191948338097,0.04236730452559986,0.013462797563678809,0.0005804324480476677,0.9691499544389258,0.3058847398466945,0.6517409694442878,6.554550549599993e-07
0.9990613012688137,0.07495475029156104,1.7941047129252903e-05,5.372185979408112e-14,7.806320732086975e-14,0.001677430993744294,0.0001411724643330071,0.00038571174819021693,4.188598786519705e-13,0.06532299010510377,0.00015861898070993337,1.3826370446692301e-14,3.784149943173005e-16,0.4273966975446134,1.3131363445321297e-14,1.3915486201263485e-11,0.010141843038075086,0.7592506831331007,0.061451252720047075,5.453533410038492e-06,5.257380171459286e-05,3.059816168934478e-21,6.521827257220082e-174,7.948911422734027e-19,0.18575022936768001,8.503019049426842e-09,2.8993482674708193e-07,1.5315645406561422e-21,1.0456512969449111e-06,4.659721914128042e-06,0.012060000620833726,1.460069599606199e-06,0.016713159808229187,6.0729121093813254e-06,5.70362294324052e-10,1.6961609516913225e-09,3.074158944961754e-11,0.013543314875849801,0.22717289146493377,0.04215410411492251,3.578738146004498e-08,6.1500995083643255e-12,2.049893948191097e-08,4.073482917917494e-06,4.096972671376261e-09,0.11057384592295437,1.305249203739016e-16,8.462046734592463e-28,9.533656510026641e-05,6.060621917994395e-27,2.0010845932034182e-05,2.8805105815318194e-23,0.9368907007530288,0.05800490179708517,0.00014448652090802238,0.0028191995713286156,0.00032453094811701167,0.0007016041452253122,0.017488953638976783,0.007217815299857453,0.5783371123516177,8.903151042262427e-09,0.03334712644222363,0.061302842183118565,4.332823676004325e-09
0.98598080639091,0.00984769075274847,0.15433953105858933,2.0620249538632728e-10,5.308658378993287e-16,0.006299804147777231,0.010725402983177769,0.101773229990829,0.005826774759869431,0.0036646117791867623,1.3592774821918178e-05,4.1714676946233715e-09,0.06951872070394069,0.006079222953697634,2.7407639032249393e-07,6.053222014669284e-09,0.7492318437865695,0.8357665752508524,0.003922543418297341,0.00010361228508675661,3.4666283671881405e-07,0.0017912432099074515,5.20465061643153e-05,2.635447265845103e-160,5.229379829377878e-05,9.57823816142887e-06,7.597043270995237e-09,4.2354632119937076e-17,1.0517661893287574e-05,0.7013377312100767,0.14863168318760336,0.025656878502237215,0.3490177237310974,4.482021279492576e-06,7.78284954277326e-09,8.066008062798216e-08,8.452255743541354e-06,0.015494889107159515,0.2122011374029575,0.0627982395575593,7.72802961346928e-07,1.1088178831892765e-08,1.4764551011757646e-05,0.001858960245965164,0.8288415187116304,0.0558262153422079,1.0872157634737006e-07,7.761810407427125e-21,0.005056135848561421,1.7558835463012036e-18,1.8590082314194923e-09,1.4650973849146772e-10,0.00033670156913857087,0.6024762875084475,1.874643726108113e-05,0.0009441312950852308,8.069687993475036e-05,0.02591688032083062,0.08790500029975722,0.1367193354202894,0.005175683385858869,2.9566749422864867e-07,0.00016086063427388594,0.014564400834201241,2.3799194934604085e-09
0.8631566042570202,0.07897149670553437,0.009056221346210402,9.683528990379803e-09,2.5500205405932473e-08,0.005523512095498413,0.009008918350844433,0.0017463928673578084,1.0479639276577275e-08,0.2764564993314717,0.016228614007479797,9.703615178502486e-08,3.8269255728918824e-08,0.828818466606134,2.2583255247424527e-16,5.0674535551695826e-12,0.4107993338482905,0.969484627710435,0.009118614990948192,5.407277579218063e-05,7.468836179920143e-06,3.659252581219066e-12,0.0024932204524025134,2.718360581729294e-14,2.6107417911125485e-190,2.286025290882861e-07,3.483517393452172e-14,1.976387600276134e-18,3.694750925803743e-14,1.969045773069806e-05,0.008235446731864162,3.6625722133300716e-06,0.008421224600443453,0.000710589179446704,1.4972112630922697e-05,2.3061372474849068e-07,1.9718184300556748e-07,0.3189274325306834,0.013804348508943787,0.03551849640129795,0.0003029500388250528,1.4754409888433847e-07,3.5109593701804447e-13,9.522130011638822e-08,7.04974572384699e-08,0.3618220169381467,1.8746828110779267e-16,3.2369193265695462e-21,0.0006548908479846749,1.2372246425576954e-18,2.266171725915021e-10,9.45992626598488e-17,0.6146355664341605,0.24139159187856646,4.135881971761724e-06,0.0027409873401310564,3.539110029050363e-05,0.004847028652134104,0.01818737432912979,0.020395039549968057,0.2607973210531996,4.519946319569915e-05,0.036958425630847724,0.07798959576193745,5.164802827430853e-05
0.9852385246034515,0.15930160053029635,0.0038515789028036656,3.8013240305851605e-15,4.3609464470997946e-20,0.0012841362074558166,0.0024970545410750626,0.03575969584892448,3.749161383719225e-09,0.0009341308295505946,1.3867742429767983e-06,3.2827340082271287e-12,1.6145250832911423e-08,2.7092065816705624e-08,1.0106576787967415e-11,1.5842347117646715e-10,0.018831128430436505,0.7213902130121338,0.0101806248317139,3.8910786851669404e-06,3.3540873452474805e-07,4.9162196367278e-16,8.651199538070798e-15,2.97694546124053e-29,1.7290281805577142e-13,2.0427326865481104e-170,0.004330720020026179,1.1466476790130137e-13,0.6058152442084863,3.689385725620755e-40,1.7135765439130144e-27,3.0093185142551333e-26,0.16671234112628272,1.1342436242463526e-07,2.7986060652110534e-14,1.7633526175283993e-12,1.7227776915942776e-12,0.0002672948850005718,2.490749557453742e-05,2.397818228397887e-13,1.1395838145574348e-08,5.726848565271849e-09,4.7698807580991636e-06,0.0064094944912235835,2.099864943022796e-05,0.08851570027153456,8.148927343521801e-16,1.673533452290493e-25,0.014983540028857423,1.1214006088511937e-26,3.944059244256374e-09,2.37946830314386e-25,1.240465011458594e-09,0.10286017858265972,3.3670371506269293e-06,0.0011859225219646486,1.1197768723243597e-05,3.140645929212892e-05,5.163448627784314e-33,1.399345711435247e-23,9.134700655595595e-22,7.191777975404696e-30,7.592708050798723e-21,0.21491579551595097,2.300051904416676e-16
2.546879240623161e-11,0.3225385650267693,0.006993107642527444,1.3012376286039476e-10,1.8338617922831075e-12,0.009323601449146743,0.08706546961932494,0.21365139833484156,1.1120316978026019e-07,0.16646679658075653,5.49343227633776e-08,5.1667900495566986e-08,4.124404082943597e-07,1.8610229129524842e-05,9.899318723132571e-24,2.63912807765089e-12,1.061960045815317e-05,0.982537479720148,0.009752678645499323,1.069763346968381e-06,8.143318065645551e-06,4.428860473518785e-10,1.0205578131378216e-10,4.081131259351307e-19,4.480031422043866e-22,0.037247720468174185,2.832675845154256e-174,2.7564401499291564e-13,0.33384874673255643,1.113432870539405e-18,8.275087860363647e-24,8.336374336573405e-18,0.05766100569212032,0.0008976778799071336,2.3629096294359044e-08,2.4009028543939908e-08,3.878323371670395e-09,0.0023949505082210107,0.004321450290276919,4.13286081537392e-09,0.00037112134839525934,9.077628987412472e-05,5.5318280880017036e-12,0.0020864434228556983,1.097962071464387e-05,0.6359848298345745,5.623178621572593e-44,6.270313632182449e-23,0.0867044191880138,2.835998417237981e-19,5.896096879044541e-10,3.4236430813893854e-20,3.577562025495965e-21,0.5977479809456829,5.655810778781011e-06,0.0008650096499922167,0.0005341951328294356,0.025060807776030883,4.056699323145757e-17,1.7906654273879374e-16,3.9566580820460067e-17,1.1695501275607513e-12,4.548266217402401e-08,0.29105655246494255,2.1537706987828162e-11
0.9999565199579331,1.7838162245495177e-05,0.000440408127232145,7.849273841001776e-22,6.227604733284826e-17,1.2658975879898e-06,0.029086216901209137,0.001523817604321118,0.0001690117543276179,1.5776591531897496e-05,2.841433165636616e-05,5.069368477511533e-12,6.651086142465299e-07,0.0009185334854601515,1.8681952409465208e-11,1.0192331814029536e-14,0.0006678329997509351,0.2967073137818838,0.008152275188383297,0.001354465837697721,1.5575049589621176e-05,1.567389158624919e-11,0.00256122884559567,1.4074395519576164e-20,0.004220218038370665,0.14697581939315946,0.01906149725851228,3.9887217165418065e-134,0.010957988868402636,1.280489966927296e-15,5.5890820052320614e-09,1.520230193670357e-11,9.374587569489645e-06,1.4961475053621945e-13,4.671297042360402e-12,2.3066594633520348e-14,2.4986424489170877e-08,0.007954782049552194,0.0009033937652584269,9.70146693701839e-18,2.423723448905157e-07,2.1481977430619658e-07,6.144392846749722e-05,0.009554411623341929,5.589664352490414e-05,0.00041764556708520146,1.4236772517152625e-08,3.4753749971995374e-22,0.00026941563096333384,3.516479418249909e-27,0.0007381061762422749,2.7706638455095316e-28,0.007925542141645796,0.015188568406449858,6.407136060399736e-05,0.0003892672714344781,0.0010810235917713166,0.003615617143587384,6.061826012425422e-10,1.3341934937227544e-09,8.59323737300864e-05,8.970302876533795e-13,6.29577027751626e-07,6.52355800526354e-05,2.3565886833919746e-20
0.997019511801524,0.32687780057420146,0.009620268364845414,7.13430702779216e-10,4.4419522004678644e-13,0.0021457418478699653,0.04793621837203833,0.2570945647039789,7.980567043213702e-06,0.08514040900183141,0.000560669874042849,7.91775803396086e-08,2.471374208880296e-05,2.5811753122134084e-06,4.3580094445929247e-14,4.149480171756331e-11,0.0024340623891683745,0.6819578812305636,0.0030804935314104245,2.864709240590506e-05,8.689933946566031e-08,8.20071657006066e-10,2.3914335244905612e-14,5.734638239986103e-20,7.12187150237544e-24,0.007580988371747125,0.009557551236817112,1.9875683379546177e-09,3.0915688867137183e-174,4.038022754897237e-39,1.2724567256069525e-50,2.16854075278364e-38,0.16037409546807088,9.604286431023029e-05,1.8107804144463272e-10,9.518427584882014e-08,1.4490939988629275e-07,0.00478186074130065,5.061809673268496e-07,1.2376879503206964e-12,0.0004644520413585737,0.0006140477938354025,3.2443018003093054e-08,0.0029457798855399586,6.138538634859124e-05,0.47576354798636256,1.3283615538848857e-18,3.152955618450396e-17,0.08126456276427743,6.754144251153014e-19,1.1554848756399502e-12,1.052549041199378e-18,3.411585673011493e-16,0.08135188439754046,5.526713117037847e-07,0.002058218763971166,1.4799708227687572e-06,0.010912385038332207,2.203083896970966e-48,3.2615385182164765e-42,1.6707060435795051e-34,2.0412651859005526e-19,1.254004645097183e-13,0.3695219630761237,1.4400239758962552e-13
0.9160432465625057,0.0003977480807583932,0.02044701329203729,3.5263347492138415e-12,9.067025188337158e-12,4.346105346248844e-06,0.0005903972560154513,0.0010116905562154823,6.049661883745595e-08,0.015629578994076146,7.490974271369794e-05,1.6441357741847376e-08,3.5881446208358628e-06,0.0764447684000636,8.359488815906699e-14,1.2452272577226912e-10,0.6291990373062105,0.822779697549178,0.002848566091536056,3.195696306223343e-05,4.11509579292229e-08,1.3658753550979859e-09,0.0013676360992833792,5.875898739765065e-17,0.0006894986144254948,3.9878897275802144e-13,3.115942262162437e-16,1.1626255734985034e-26,2.2297627606552816e-17,2.2487451751329967e-187,0.4261947624594654,0.005611635450770151,2.5831064913622194e-05,2.8382720993322413e-08,4.5653290579859217e-07,1.3793333156331859e-09,2.49508696628333e-08,0.11899582632372309,0.06501395899099705,2.1197375969758202e-05,8.081151540034005e-06,1.0280593365140449e-08,8.739006412948654e-10,1.9199992148259975e-05,0.000103150836044304,0.05608614564711568,3.7940683278474e-12,7.284920362709222e-22,3.585414102639183e-06,5.001623228477332e-21,8.362443976264632e-11,1.2031941168133245e-18,6.959222869816266e-05,0.20328518844114615,1.0564237777650206e-06,0.002940598829580288,8.734563732564645e-06,0.0034016421423791626,2.711621245819888e-07,0.00045455022228679283,0.00018607163480035413,0.4389336140002944,0.02351846247970875,0.0005592113900633755,4.072150912317015e-08
0.9988594713347965,0.00286828734393146,0.004744299088520219,2.2525031972254773e-12,2.4592597153706545e-10,0.00034778922992326563,0.004348243215284839,0.01760539807447269,9.81753838531368e-10,0.026279758392774154,0.0008132833439035051,6.84384408004341e-09,3.192099903255698e-07,0.10361672248557603,3.7805468125850885e-16,3.553447501972097e-11,0.5035243985614509,0.9812271382385617,0.004480743278723431,4.832360277873047e-05,4.214600134391546e-08,1.8976102760984105e-11,0.00021972423005902215,3.500401129345733e-17,5.11586092043766e-05,6.112574389874118e-13,7.512482525957714e-22,8.39412358404441e-25,8.530384774364659e-27,1.7223725432962162e-05,3.0993600528716617e-201,6.563041990765655e-10,1.4657966650792764e-06,3.834313518517116e-07,3.353959797051344e-06,3.940923014596213e-10,1.9162306130525662e-10,0.2667740049753319,0.038048540053535036,0.000490944829867765,8.446714819588437e-05,6.920977063106737e-09,1.5492772272798707e-13,5.1862284599677975e-08,1.1521475316624891e-06,0.28540501311145156,2.979752949461307e-16,9.749854318460097e-21,0.001404188647466382,7.277346166993105e-21,4.67411215536574e-13,3.676101669160439e-20,1.4701482518123322e-05,0.31777088009856935,4.881149377983177e-07,0.002360640617909405,9.564163917568107e-07,0.021045873807522857,3.357167818888339e-05,3.1641362449238513e-06,4.4745606563857565e-06,0.00021645198814611205,0.3116976401837459,0.005873913511315315,6.564765447022678e-07
0.9970587016940197,6.774561671137127e-05,0.009080128480465756,1.360653774312874e-15,3.1543693592650297e-10,3.340819808855347e-05,0.0004459224744695811,0.000579346726,1.0289104466400487e-09,0.06865676225524273,0.000227745193108241,8.430072716493063e-09,4.287029738603961e-08,0.12904511796224666,4.073575063983326e-15,1.4901282695891176e-12,0.11720439282618275,0.8250514264137536,0.004705084138778203,4.5041088872444795e-05,6.723236207502482e-08,6.606805788320938e-11,0.002739131738032393,2.6706234378425596e-16,0.006808019959587693,6.547447988651637e-10,6.970068030786024e-17,1.0850640790457269e-25,6.463066208107254e-17,0.050905012757167974,0.001919671552465666,1.7754396364611264e-178,5.604023835785946e-08,8.424533652178245e-09,2.1861517403141804e-06,4.351784085640758e-09,2.8748335902513733e-09,0.1593546146710638,0.05711998883836999,9.833275224494984e-05,2.2981014268305767e-05,2.7240882247133143e-08,7.00581891157557e-13,1.635653579553159e-07,8.53899219569137e-07,0.2046306634752132,1.9943479486722955e-13,8.547211236522868e-21,3.4834361318875656e-05,1.0526630668049286e-21,9.601131169169657e-11,1.2232771400845519e-18,0.00041127124601345613,0.2172609951565736,8.456886505826666e-07,0.001398788496059087,6.41543426519591e-07,0.0006181230756386355,0.0002467900295273116,4.543916461867114e-11,0.002601668604835236,0.0392484759553127,0.06859141338636748,0.00011749882254632975,1.1884395956366957e-08
0.9778547969274682,1.904961565609247e-10,8.69314415358951e-41,1.3445463312955721e-40,1.0345998927023539e-27,6.394875254484101e-14,2.2353405805400726e-21,2.212389083146671e-08,5.8395643227724385e-30,3.955130033066707e-27,4.685517694003774e-15,2.4876927173409277e-25,6.536766894172756e-21,6.640378681635975e-25,3.480894731717945e-10,4.097408177105772e-10,3.526140831753318e-16,0.37661909907945423,0.2993080113069004,2.3527562441714783e-06,2.4506247068612882e-05,3.408356975634282e-22,1.2052531027748155e-10,1.3228970280603111e-15,2.341370758614809e-05,5.923772842947749e-11,2.6095210197791465e-08,3.1550372852012974e-22,1.1153619102660258e-06,1.6992445161218136e-06,0.00013700255990378957,1.6157683378599083e-06,0.0,2.3206484036300367e-45,4.325602009109803e-40,2.6587489940296835e-35,3.3327204843466768e-40,1.3725458556620564e-06,0.29956867666213527,1.7410884574893011e-31,2.676883460770872e-19,2.04315051114116e-40,5.237050790936934e-05,3.4478503899536587e-06,3.4860007794696494e-11,1.706642824430499e-11,2.070350496899013e-12,5.9623443359142816e-27,1.894499765708736e-11,5.964054573099584e-28,2.4055369019811602e-09,2.1848650339222998e-23,0.00018513194479121266,0.005520688867550425,6.809555431381576e-05,3.901515969982297e-05,3.931326567174561e-07,4.303191830572255e-05,6.727294855788952e-05,1.7546694362944114e-05,1.9044881767470342e-05,9.119598916700616e-12,1.7726931335725324e-10,1.3001917835233178e-10,2.635145635972358e-23
0.9525550220513028,3.5490580294703384e-08,4.157865811310307e-19,1.6671864882780457e-47,2.0086868120495423e-28,1.5515911905082536e-05,1.8257646468410167e-05,0.025089198903818513,1.08765729219042e-20,2.3959782611896486e-16,3.9636983298727524e-15,1.578012823783696e-23,1.8184934601664614e-18,4.622349443247764e-19,9.303901861175969e-09,4.4549700404551335e-09,1.9921984462873593e-07,0.46094448438934843,0.2501395354160002,2.6614936124579754e-06,0.0017633523039742285,3.0055375499278444e-20,6.3164604766569065e-09,1.0548803362569554e-15,0.000211560593189249,4.303265319080756e-09,1.6691889847803671e-06,6.034705701903812e-20,0.00019876440055502202,1.2780247766262711e-06,8.480782246530825e-05,2.0812452319279482e-07,2.1560614565417874e-07,6.750283218335848e-238,2.0441840682509647e-27,1.3734481154093704e-30,6.330089437587327e-34,7.097078599572903e-06,0.35060415666745676,7.403331995246825e-06,1.165864955087276e-15,1.117171520340858e-39,6.717487480795743e-05,0.0016005424933206217,6.865915930222887e-07,0.003314154131296345,1.675591489452825e-11,1.0091354953403945e-22,0.09990534233354495,6.353621504958364e-29,2.214331837162047e-09,1.4624633063006005e-24,0.0009423821161433341,0.004138726439454617,0.002427709385627994,0.006865070396857068,0.0005233903396247823,0.02145811941935102,0.00010314916840489127,1.2838828205350697e-05,0.00018785090178059091,3.2028075297082877e-10,1.10587075788902e-06,2.9123444263026834e-07,3.5451964247373e-27
0.9033129788821074,0.04944331887176172,4.4263469991008656e-05,4.057661169488303e-18,3.69024366004528e-27,0.02750955719138168,0.04686818563319727,0.10338120511767271,2.950938353277496e-15,0.00014162912118189776,7.374995546125919e-13,4.323875827029907e-19,3.0417001743016696e-13,3.7215299983819755e-12,0.00011598846746086262,9.327996151404211e-10,4.138302273912492e-07,0.1960426685855561,0.5556944597080977,3.714539926998707e-05,0.004940474074566128,1.4054124986645414e-15,3.7249341042554163e-07,5.082208000261728e-16,0.00015470505618502727,4.37721223326718e-11,2.014616259414008e-09,1.3706650939645914e-19,1.9882074817597984e-10,8.321847802554156e-07,1.3531367425077318e-05,1.906829710410578e-06,0.6061773736166309,0.0001651096926283411,7.637260506134761e-187,6.008398962091271e-16,3.742474730200284e-24,2.164306518962118e-07,0.018327141739437103,1.0303200312203523e-07,1.7923499778727257e-13,8.752454139054489e-27,3.58124656638849e-06,7.357229641144111e-10,0.0030051752207795606,0.23198972287930744,3.1292819841713517e-10,1.3495633363014206e-17,0.05738204837923871,8.360373727869976e-21,8.731705123124779e-08,1.1861689997257262e-25,0.0007753505492543109,0.0010002649094566886,0.029267038459353006,0.007448531549634644,0.000740601657145505,0.027734925669277804,6.0795172349005015e-06,2.5286145726857966e-06,3.6948744611441536e-05,1.3433795788612272e-11,5.046831543448834e-06,0.04126328425223064,9.843292849637373e-13
0.9997360225764984,0.01937569719258061,5.23883521079465e-09,6.758747501871903e-20,1.438060279536889e-17,1.1889432637406192e-09,2.224342980060132e-06,2.5968929922026516e-14,5.030892530771482e-12,1.3384789966051028e-06,1.4949522796248472e-13,2.2179093921638187e-22,2.5490286758378335e-14,2.4680812915414294e-17,1.1255975035112833e-10,2.41581600829203e-16,1.5351338728880555e-14,0.647505795999533,0.38491276375166783,1.2391152170848434e-06,0.0026826260150571903,8.47835573647051e-17,3.7856156391707477e-08,4.1547374466104136e-15,6.867457721821513e-08,1.4299096904537921e-11,1.2317772165385475e-11,5.1146069833229196e-21,9.883972169288814e-09,1.615114078612077e-11,3.367880806895387e-10,2.9321336405082745e-11,5.283111879821183e-06,1.4546938738543355e-05,1.086618033023936e-12,9.779640205494043e-160,1.3882100410142554e-17,3.1452954776428868e-06,6.765231602595912e-07,9.552821574926047e-07,1.0205737144236133e-14,4.7443525999555285e-31,1.077548063337661e-07,0.00019486047255767906,0.19738595337599904,9.273084050317674e-11,1.5178413835443218e-15,1.51420106063275e-20,1.7366986821418636e-11,5.383573578675636e-21,4.072765107783331e-09,2.86779667064513e-22,8.040059558185576e-08,0.02542325879666308,0.003396560067544187,0.0010466405472591073,0.0012303259318783939,9.248561752175032e-06,3.3828660263154388e-09,2.3387991280433044e-10,1.3180160436507692e-08,4.4281649543723725e-12,3.6863110022314755e-07,0.02891903146824235,9.74056419107334e-18
0.9953331735570545,5.057491596144523e-06,2.901295874375999e-12,1.3631488584359952e-10,3.879077129913982e-21,3.515831838805516e-05,0.07282905832067976,0.23805021683958036,0.0004011712972979858,4.239776327658286e-12,7.105640778577587e-13,2.1785927770501284e-14,3.2588106399003903e-09,2.9999553250984954e-07,8.36875762076907e-05,2.2915041751895562e-06,7.05690765287104e-09,0.6336607674151948,0.0715034087900243,0.0006811210436236951,9.323101542594729e-05,4.360833165128284e-07,1.5078570622516505e-05,5.961416724367879e-07,4.2559056083697396e-05,1.1546376142804144e-05,1.535063749388463e-05,7.566906800233603e-10,0.0017091485231706658,0.00021269040517515935,8.016471187933735e-05,6.781835322225327e-05,0.022496113886635742,1.7019598020177656e-15,8.81232529171064e-18,4.4189803285469374e-08,1.2135927203261531e-142,1.13409400323012e-05,0.00030617027553583366,8.654249614861737e-10,1.6711870683153705e-20,1.1719147098833864e-13,0.00016605659650819105,1.5157469811576294e-05,0.12489420104998115,2.0155380617021905e-05,3.1137661905638203e-10,1.099764440152548e-18,0.008819071073579227,1.1708025813223773e-13,3.822272438881135e-07,2.63617579641706e-10,7.539691371598861e-06,0.3733052144222673,5.015001039579755e-05,0.0022339238367354423,0.0002106000071815922,0.14004642932400907,0.0008717326604277975,0.00016201426214159956,0.0004926890969764223,7.943372695680673e-06,0.0013807602380204432,1.7753869208581275e-05,8.932506399788464e-12
0.9372807738939367,3.972813160503781e-05,8.336348451273293e-07,3.710793132294099e-06,1.5875455863019438e-05,0.10154212512770423,0.23867052589447962,0.23067233771755086,0.00860559009290394,0.6287350397859417,4.779258140979112e-06,0.8784064387410927,0.001834616257092596,0.04790658612464577,0.754409264077568,0.044395002665024455,6.030423911134335e-07,0.2079933601738608,0.3222021014926463,0.11822160278033088,0.38088566673151014,0.10488861986483604,0.09637251385058905,0.00992281267028798,0.2808693331845478,3.786506076189324e-05,0.00018840407333281764,1.465638764117314e-08,6.0865891367244644e-05,0.01759377147734665,0.03400394943942395,0.008184169146185893,2.8078786103189187e-05,0.000255348824504924,2.699183525719034e-10,0.4374267857094918,0.0170393195369419,5.179556144435154e-106,0.2662651885209239,6.90955963295871e-07,0.00018449587482123465,0.06781864341588134,0.010463488352154954,1.5958046383410025e-07,0.02354608243359767,0.35981083721731477,0.14184621671147335,0.010574118128061806,0.49836899035635973,0.6538453643998533,0.010037490446959993,2.8964495884355045e-05,0.3667091002538538,0.0485005994414957,0.25161091900352733,0.7436997821155535,0.14206046284252744,0.1743284975435096,0.0020161698762060872,0.007719529989094505,0.021570377711743288,0.00802366369504849,0.17706633594273313,0.00011747569188103263,6.615081775315734e-13
0.987028618064029,0.25071160612075327,0.08478849014577779,0.009985109863653798,5.902513893639106e-08,0.10954555921931548,0.14139112994286843,0.6611324914065375,0.7751870194474746,0.2753600125324142,7.064207383721989e-11,0.06301089724146595,0.003727567620592563,0.4900614396271221,3.173502345699226e-12,3.813426123062388e-07,1.4429763914762172e-07,0.8958084774760656,0.5091382019141799,0.6850856144839994,0.9369323232081438,0.3470931502309087,0.3628348762317331,0.005485037080274816,0.0005799306021229334,1.8628386378164006e-11,1.9282034852303828e-10,3.843764192455686e-06,4.000881253499398e-13,0.00012243930931665878,1.934429881048562e-05,0.007779529149236863,0.008678823636829088,0.6219637792298949,0.010289552860597222,1.0585034741993473e-12,5.930239884121303e-07,0.045820439727163126,2.2475876885015184e-98,0.07825120235774671,8.600703380900981e-07,0.6363428030219764,2.9125569752950738e-12,1.605478149438473e-08,0.7824837629891851,0.47136907960341157,2.762505461250806e-10,0.05054974976881934,0.20399226093550918,0.5805845695804928,0.07015141679574845,0.003031943214001102,0.0002466514926091177,0.6406701005104496,0.9208559778165202,0.8908857558328211,0.9188717883732629,0.4347413349156931,4.438434668809111e-06,2.8841669658721688e-05,7.227576713237074e-05,0.0002965644709222534,0.008593249281705191,0.43101313467291213,0.0002729720419058212
0.9554803816603513,1.4822776099752456e-29,2.6881325664602733e-48,1.823611670510965e-46,3.499773907687665e-29,2.7463074632438507e-34,1.3237943693655464e-27,1.1042461144507137e-17,4.154808390896251e-31,1.3127918271832354e-29,5.197617070945473e-19,1.277488024460152e-25,2.221801165292443e-24,1.4218277307267022e-22,8.48675861602344e-09,2.658601307391968e-12,3.965740462118041e-10,0.6456854029297554,0.2790403032955673,4.1127783113010554e-06,0.00022257071981781267,3.796042606341989e-24,3.767095058440722e-09,2.7633952378952787e-14,0.00014263086653886143,1.7996643387427104e-08,3.51434730285966e-07,2.4157876997137535e-20,2.876908633398196e-05,3.3712496108133576e-06,0.0003591198226349033,2.3062744377806554e-06,1.4953409285349466e-21,2.2653001226059668e-36,2.493007167808219e-46,2.466306841591786e-40,3.061530826808166e-41,5.349811825775401e-05,0.2456457098959715,1.0859223971217995e-275,6.663395421619811e-19,2.375205095029819e-37,9.134687150328684e-06,1.0350001358577031e-05,2.2879907457348126e-16,1.0802751178337953e-18,3.121241373184317e-11,4.118274852756052e-26,1.858610995084101e-23,4.3649647789810116e-32,1.1171023133968794e-08,2.8679139233624976e-23,0.0003804506942800664,0.016274742835160207,0.00025132894229654395,0.0001434792291537323,0.00034006958670488875,5.997729467750463e-07,2.1417554155959535e-05,3.3025290290517356e-05,3.312401780274759e-05,1.9229396956629513e-09,4.117712021289942e-07,2.819439694771317e-28,6.08052123229058e-26
0.98949922333619,0.032235884593449574,0.009498709146200678,2.510324869058934e-08,1.110804799860438e-10,0.36067570449010766,0.4962143967336087,0.17845927520813606,2.368076935430297e-05,0.3709558058604161,1.0400694312558155e-19,3.307181389457501e-08,6.59586469188584e-25,4.9722431811026595e-05,0.0073981377752021515,0.0002449188210815281,0.9230578618732058,0.7305540935449786,0.38488650779278366,0.0006179199222626559,0.022691992333710838,4.0490077955052474e-08,3.2109108387685034e-06,0.0014821095303891678,0.004807714285054094,0.19782603549080433,0.2529667001689219,0.08437299068356378,0.7243929724770941,0.9792397950561299,0.7604243229209894,0.7070279215052115,0.007722829096777439,0.16976897469467936,0.009177361616757952,0.00011301336403558244,6.162226039874067e-11,0.0006832831791847058,9.480977841526293e-08,0.5069233145349561,1.283441746320457e-103,4.084421143253952e-12,0.04094292036963205,0.24561939326010906,5.5269957259705526e-05,0.827701391773294,0.04971684182943794,0.0009406386800948131,0.5589813674446851,1.5885692132620304e-11,2.657289806957574e-08,8.203972021904263e-06,0.004805655606969133,0.28056511875857254,0.19031358198897189,0.18916541355165048,0.05988243998935446,0.0002912467350753401,0.8459291088778816,0.7945491904651759,0.07258681283619739,0.11110213315661811,0.19169426688227809,0.02496800304736299,7.108698078926652e-10
0.5836477495245762,0.02043058478217349,0.039017263495019334,4.850951004798869e-20,1.152968454707101e-22,0.18266845248268807,0.0005822157206172044,0.7361308963016888,3.944270407980129e-17,0.012199159323816424,3.6873809293409074e-09,1.6387716641729907e-22,1.463217703708594e-22,5.493447695670565e-37,0.000632234301755713,0.00028184263342826386,0.0001565931314952873,0.22401100072823157,0.18695215343528016,5.7228750188616436e-05,0.009626245361182013,6.4267696656040814e-15,1.9295315557771965e-10,3.9962963188076556e-08,4.460688330404924e-08,0.22539902154620148,0.6682800677347324,1.5569153860459082e-07,0.6830158009004843,0.0008046989512956264,0.00012850564377949917,0.0009082562407844333,0.016774796185483925,1.1918436116152936e-05,5.032309746272412e-07,7.145708173509318e-10,4.557356255252123e-12,0.004850167115140123,0.3829589811145865,0.005203794289698001,1.0393116215861445e-12,2.056745753845333e-127,0.4788761729529861,0.473607913338283,2.0139546328602317e-08,0.01315676088359158,0.008222699969483493,2.1048744748823925e-14,0.3002115617621409,4.1285915102415833e-19,0.0021998506958617963,2.593048057643688e-10,0.00048099305981216475,0.020908716286557036,0.03361553298107846,0.02741420971608556,0.037137544750581036,0.26654488664137665,0.011668553600443199,0.0032483290669319733,0.000596045563528372,0.001583767678967724,0.06174298669308428,0.02524221269778816,1.0726947228722406e-16
0.7486157996114744,0.058536817109875114,0.051959260243916644,9.791181462421657e-05,0.0019227049102847882,0.05358129296403764,0.04561378310900502,0.025863150654838442,2.9796250416850504e-08,0.4352891467508423,9.422394885107232e-05,0.0626207036614617,1.5279392516600583e-05,0.002740663329979184,3.9069581311943135e-15,2.0847501488037022e-05,0.015195713438884293,0.9808203473841695,0.08425655910897122,0.01743815484067732,0.04691410227312007,4.608407213743973e-06,5.418632537023368e-05,0.0009711767132816879,1.9126659049615026e-10,0.21768470700261316,0.0015884598802723888,2.2805583333499633e-07,0.04934145461625447,0.000990293242171547,3.860640292323432e-07,2.3113584098152526e-05,0.0010539978042632717,0.027593527397292344,0.0002794356733401645,4.035103559375124e-06,6.147279931289993e-07,0.005640612735307112,2.5556128028376405e-12,0.005584172230309094,0.45177118870376254,0.4503407713243096,2.8009204806395745e-125,1.0378608471177956e-07,9.11462715581577e-08,0.7948435455106926,1.2772778972286218e-06,3.7061775016954744e-06,0.04091829080950319,1.597361328035466e-09,6.5776882703054e-05,0.0002252920141606987,4.305565183375995e-12,0.6417116587702607,0.007166686844520433,0.44519370250736656,0.20319022337621448,0.09840731861029638,0.0030436247401858275,0.0002157562404238898,0.0005784138492790707,0.14281667883580287,0.2325364721152776,0.08343149300585921,0.00033039824990448765
0.997790994922675,4.848126659100772e-10,8.16973932421431e-05,3.434340492290076e-21,2.53885693884334e-10,2.8292721022892513e-10,0.0020446680047028006,3.841250642327898e-06,0.04017936904448317,0.04458703867690105,9.564402501240198e-06,0.05451759638441879,0.10069663890116136,0.9014266883702128,0.09190813544954755,1.9332541107683615e-09,3.8809694827145545e-13,0.03388654849286974,0.1779275998448818,0.8638069168470832,0.46434965775572146,5.6095083121260665e-05,0.09822420743076417,0.2983517750171636,0.005341642598146749,4.2215682647351047e-07,2.8657629387955206e-05,1.2247628659154652e-09,4.339711853271065e-09,1.333718298409504e-05,6.136487370613175e-06,1.9948413326979653e-05,2.2218064644093196e-13,1.291915431172661e-07,9.027060853230009e-10,1.4558668024014724e-10,4.179598016122413e-05,0.0005810566593988727,2.4056337720369554e-07,1.7419196217549714e-13,0.9303282200870793,0.19835023202201474,0.01913119071515861,7.059998968889667e-110,0.006295115522050758,0.0006032241966302423,0.3631271797304831,9.92680070074802e-06,9.094302574491568e-05,6.668718443190816e-08,0.5431283222958054,0.001991136447932846,0.0016441747520093554,0.0016744565659573324,0.4777118507506445,0.42211567620293877,0.9093462433679956,0.014425501389737336,9.451624010494168e-07,3.2902474945013313e-06,9.937294357439175e-06,0.006526769794660511,0.09621682029521707,1.1676078770833503e-09,1.529058044511664e-23
0.9996436856024491,0.008318464669025393,1.4603417531459804e-16,2.362195504299789e-27,1.825324027542815e-25,3.33573120253106e-08,1.1159516351686551e-15,1.0839309416320088e-19,1.7113363395870704e-37,3.5726069536262685e-22,5.979588900836038e-16,1.0657713590689464e-21,2.3826840124346064e-36,3.0646222342296234e-31,1.6404750160317624e-10,5.6002445936946546e-11,3.697834333261422e-10,0.7246867012204086,0.05411976447668065,3.4008860249050453e-07,5.1149514076308945e-06,1.2086095780178672e-25,4.210348731564102e-13,1.4188957859627381e-16,1.514577379696751e-08,1.3872260201952027e-08,1.374958773573181e-07,4.258966237869769e-21,0.00020737175667112824,1.2600347637101958e-06,1.5166204651896256e-05,1.1591298779029104e-07,0.002550461532003244,1.495519500916933e-14,2.662415977020302e-21,1.8198270150345377e-24,8.518866759872931e-35,1.1100778392290122e-06,0.2505093551434269,2.3589416948840993e-07,2.5132183541892196e-22,1.4030146188381492e-36,4.325416476486901e-06,0.00013428319910313224,9.001212987034648e-235,1.2839392152883083e-10,8.742581765800453e-14,7.04036164960899e-30,1.2068200776411836e-15,6.392299725871941e-30,1.479672981061652e-14,1.8393212531026154e-24,8.789451305581848e-09,0.10220811502149103,2.3871564973484072e-05,0.00015588509472485372,1.2336571242271588e-05,7.103757186997194e-13,5.300764533411308e-05,6.026035558045786e-06,5.318312802564444e-06,9.9045893825026e-10,1.9701043777825386e-07,0.009189860287196734,2.153316857146212e-17
0.4684192220494958,0.17224433425143307,7.096774424495754e-13,1.0139631641816322e-40,1.8372985821803618e-25,0.15271125166851587,3.637104421559281e-11,0.003266018086133935,5.497456207965752e-28,1.0027025673746369e-26,2.1718099931141027e-13,4.6370678858350574e-23,2.1972048878267423e-26,4.150049051319548e-37,6.525519959969404e-10,5.0046007761942086e-11,2.943992466726895e-13,0.530318394700136,0.3658132947858829,3.023867133952405e-07,0.00022838353463698908,4.684491502055206e-22,3.156348607323475e-10,1.3884517683580636e-18,3.0197543773412433e-05,2.081895705609223e-09,4.7596492397410494e-07,1.555511198923727e-21,4.80381016472343e-05,9.984574538421929e-08,1.0718102383307361e-05,9.36606898884887e-08,0.29139354034544557,1.2880532533050243e-18,4.512806260543223e-25,2.1921753479095509e-41,3.2860035572857403e-31,3.2302460077913785e-05,0.32922445363784625,7.457304566775761e-10,4.501557261472811e-17,1.7892077382308667e-41,4.427408516893862e-05,0.0011770719306280265,4.05865621898668e-16,2.238193042555683e-266,2.2220903378741906e-14,1.854690188631496e-28,0.0007161803963153914,7.823982811015903e-29,2.187030383872973e-08,9.541890664528286e-27,0.00024079874057227226,0.04267293982505545,0.002223234815754441,1.650656061942283e-05,1.1682534754704737e-05,8.485043561605318e-06,3.940230172766781e-05,5.949992687606673e-06,5.603572204076569e-05,3.7862470025231285e-12,7.12562635359543e-09,0.19052418805522983,4.513604279083078e-21
0.9979874618209659,0.7554658957251068,0.10065708734430619,1.0666193698276202e-06,1.7467015308703347e-12,0.01568148687524103,0.0008484964485110068,0.03794403629922717,1.921313243109317e-07,0.20889986481536346,0.00045838927233124476,3.419896665419718e-07,0.0003381204690923868,0.7766256850794155,8.959396871274118e-17,1.9456775930773843e-11,0.40214768152154745,0.4135156326863202,0.008229214999801027,6.594878460026123e-05,5.39690594860151e-05,7.831432831712239e-06,0.7852817015313337,3.424243776882616e-05,0.27129685879390814,0.008160322600136657,9.10973464221291e-11,7.61047626045566e-12,0.001936666620284607,0.22397184755165048,0.8798240842570618,0.04707458347702134,0.044507781350253774,0.11368871273132701,0.00010333760106663642,3.5050720883967935e-06,3.144195976567365e-07,0.4413821393111518,0.0022213234276690194,0.6286543096831436,0.0007686802980325094,0.001000844402902335,7.731876862579701e-11,4.7751105457631286e-05,0.00025604351725663576,0.41537869745619793,9.579364323755332e-150,2.653445748713963e-19,0.00020551773747462917,2.336489672305706e-11,0.316349642393989,1.7197984284858322e-07,0.021608300636627307,0.9913094776548194,4.194038336174825e-06,0.0048440389515137915,0.0018083635229453453,0.12359768800260035,0.8426622656328329,0.7200707081484483,0.4222730514511308,0.4705531678181947,0.29517045009773846,0.7790597513031752,7.790284901998961e-05
0.9952648607025228,0.01557644193601063,0.0008991061333572098,1.7581816142282604e-12,6.314260652962239e-09,0.03598490545386919,0.03105614163765903,0.06174184396175876,4.3969526623276486e-05,0.01081795659689014,6.955391649714048e-06,2.9651352157845484e-09,0.009839905944414355,1.5263952600747313e-05,1.9290153766538859e-10,4.875011016362388e-12,0.0014195292698515561,0.461532499572454,0.06717911750143041,6.333884321162712e-05,0.001787432359734708,8.78510297120428e-07,7.382343266312866e-06,0.00012195479064428849,0.00038111225279334926,0.1058767069952465,1.0234161039035457e-05,2.4729097633856424e-07,0.2441768042281764,0.6602835151377336,0.7200112651569565,0.2572709485728246,0.00017935727652582153,0.14967782116239725,6.15609164122769e-06,2.6168358405695565e-06,8.089280474386128e-10,0.1774839423267769,0.07289734225096592,0.25832115440705405,0.00196998485546607,9.054604421520882e-12,1.1762084097259414e-07,7.864267009598006e-08,0.022392347488180444,0.03240420063528866,6.340162677016365e-10,3.7649535099992775e-133,0.05340628721065847,1.9992003276814386e-15,6.756359160831819e-09,5.199495407676326e-07,0.0017649710443399269,0.16754079815782702,0.007362594021169377,0.0026735162744058647,0.0007196925569641593,0.22945417318473424,0.792145141614179,0.9520147387692637,0.07710867409013407,0.24296507912419416,0.42054453269696124,0.029314253164694087,1.715585533611497e-09
0.9954471713799066,0.00022955839451404048,7.459290252861124e-24,1.9746743809147514e-45,2.0804795169909774e-26,7.713230825791397e-14,5.099350392778059e-14,0.0012771847121844377,1.7048414198722343e-28,2.0823267097780155e-31,3.877938297772379e-14,1.4217591605448354e-22,4.033966401297048e-26,8.455345691970907e-32,2.427996432667422e-10,1.1479908714919585e-12,3.0848757948321e-13,0.5340276726846237,0.2623913743395162,9.21869365193396e-07,0.0001360734262066595,1.6369041018021038e-23,1.3943233262686556e-11,3.5662488833059628e-19,5.5241572721161185e-06,1.3506175840917584e-11,2.8233193479252122e-08,3.280370796020821e-23,1.0428147658194661e-06,7.993048473340853e-08,2.6215196859517283e-05,6.295409824239172e-08,0.2642973889535955,1.9330778936159102e-29,6.033916502210561e-34,2.1945327532964335e-44,4.948629926673104e-35,8.817563262172432e-06,0.3680317042877969,1.913210681924889e-23,2.8958405985677537e-19,2.4827509847680746e-41,3.0681519441639956e-05,3.653142957522796e-05,1.507121378678516e-20,2.6331479420182288e-11,6.596300703295371e-15,4.449306406218085e-30,2.4550335587372734e-304,2.4417204990068562e-30,7.446725506447999e-10,1.7056357105862172e-28,2.537206906202285e-05,0.025124411499526243,0.00029499893730782335,3.4099196614062826e-05,2.1425277252457963e-05,0.0009263053278012345,1.3176152609218459e-05,3.668348848611087e-06,8.487077224158544e-06,2.246739540401093e-13,1.3736472353314871e-10,0.0003871393071570724,1.644081136938863e-24
0.9980522147916548,0.26931643850541526,0.008504969267302301,0.04354913250324784,6.404448443748211e-12,0.2699169957350075,0.23269154224960525,0.00045247567514222536,0.8488530478924996,0.40184560783373147,0.0001535750019358607,5.467087827601831e-05,0.010802492721429838,0.00023513345840320477,0.0027426272482470046,1.7279256341539956e-09,0.0003224103147468056,0.5420422115172401,0.0203708462839216,0.0037168252683603986,0.00013340783300363758,7.972610394318524e-30,4.935229016360508e-08,0.0023772693702120698,2.941375689365875e-07,0.16330812758716812,0.00037402664102288675,1.0970797107385946e-05,0.0041276485539819855,0.5665664931150451,0.0011204250488432497,0.0073279149357313835,0.0016016971622909968,0.05729829507533633,0.0003421606958403375,6.209619269867732e-08,0.0191732609208035,0.0013050330472892569,0.1875141691676723,0.2453239988471392,3.657284425751597e-06,3.9556414589691354e-08,9.627964857631027e-06,4.6900879036545256e-05,2.1495033462578076e-06,0.27066920894898566,0.0002550551630308251,1.8028394007439045e-13,0.09553032404711774,4.6518159822506404e-129,6.249808238029037e-10,0.671382853970917,3.205868614950687e-06,0.9519773931278916,0.002397973307851938,0.004663378223162304,0.0013238834231632374,2.132957156816423e-05,0.049090177234370855,0.014317395405980543,0.00033362398365370446,0.09915718797131631,0.08216198042010718,0.2459628842153794,0.05658434249285878
0.9896849414120501,0.4690639388282616,0.001277180164933266,1.540625317463032e-06,4.894905982993821e-09,0.07181996730562913,0.008306981668823172,0.0007418346366755662,8.104197824718114e-11,0.16080061158981748,0.0360757399037914,6.917388057485662e-09,2.442264387259778e-10,0.007180029979780486,7.682029645262517e-16,2.062115539812243e-10,0.045967019954691726,0.9552243719188744,0.019612378231365784,9.77266326814932e-05,0.0002851709825606658,8.025783486820431e-14,3.530672143387267e-14,6.823742453848618e-13,9.180519037456314e-07,0.002491826205047986,0.0010149982266376269,2.496829570545753e-13,0.0011579849929646629,3.5658049446658924e-06,0.00027152048819963434,6.989218576461025e-07,0.267157780371461,0.002619842986662889,1.8265870730955358e-05,4.525936863960809e-06,1.3409971521116531e-06,0.10006740703254204,0.012395873708352718,0.09274531368176521,3.540417118411358e-05,0.0020457853189137626,7.950745534247862e-12,1.6828162761462322e-06,2.021472134229108e-08,0.12348731972981582,2.36045412815195e-13,4.110907991981256e-21,0.002661345356811684,2.1935730495574755e-18,6.296799765521876e-172,8.016829456868555e-15,0.000514804654680522,0.14783060387709926,2.5222358132113178e-05,0.0049788273788292465,0.0008510472568868368,0.0054509315651246944,0.005046951044533482,0.0016852470183467538,0.044807167660626084,2.895119031745621e-06,0.0033778910494075536,0.41099031532097774,5.580362423775123e-05
0.897251674015315,0.00013314637064977558,0.06606995635688222,3.379714190957769e-15,2.144253128168856e-18,0.000303828627334129,0.002078081198669663,0.060525058449252024,0.005400436700550148,6.345741431321977e-05,3.176932047301267e-06,4.804162958454312e-10,0.1302870423715897,0.001577405921790948,9.369404948802854e-06,7.242407231602095e-07,0.3565929551180447,0.5397339946614389,0.01213421036576201,0.0015608461455943936,7.271324734690124e-06,0.006455212099573054,0.0011381300270689846,9.497307216774716e-05,0.005350228212896141,4.032468609295119e-06,2.114678924520756e-08,3.20928384966158e-14,6.830743466801579e-06,0.4244316956894564,0.5997181764474049,0.38023242035593097,0.008380813943104425,9.402420774251915e-09,2.3349132523945585e-11,3.8029982668854246e-10,1.7148269870940298e-05,0.04287760903954898,0.21497473971327422,2.7346354158920644e-05,3.56023312752057e-07,3.30652129978802e-08,0.000100718511686751,0.00580167478139554,0.8533261990199268,0.003335098032462375,1.5918351912916057e-05,4.594931876959945e-17,0.002159894468430477,3.2583184839847453e-17,3.417278316948162e-07,6.494348999552566e-148,0.02589892654932587,0.39932755332637815,0.00013249571355290423,0.00024073818731450172,0.00010886324511612415,0.1490564345910943,0.4586674076190246,0.6141011026368707,0.21122037324781104,0.00014699427011146494,0.0007322230686544523,0.00035718704899645313,1.0570633964384737e-11
0.9921432979044298,0.024732960189420776,0.013805714417902817,1.001455892346519e-07,3.86003220774796e-07,0.0014748335576846602,0.021334365547268343,0.0007571246192950947,2.687330729391294e-08,0.2030016732773014,0.03420403911164254,2.0308835174628267e-07,7.069937558011453e-07,0.19234215427093934,4.76642655641697e-19,5.092843961858597e-12,0.49066138274327487,0.9164670385079182,0.0032148407252334567,0.00013145158581923095,4.006442425193128e-06,9.926641694896845e-10,0.0006954284822385874,9.69378064202048e-13,1.6646561896534865e-05,1.2481510614405133e-05,9.441460010697127e-15,2.0379241353377447e-17,5.3784016694581104e-11,1.3441477114321907e-06,2.5862181724392784e-05,2.9258170717524982e-08,0.0040109190488795314,0.0009676862691436899,7.304306611025727e-05,9.843722237407828e-07,2.400002641649863e-07,0.38539274872003415,0.0023133178600746036,0.05572529152061223,0.000782177347603969,1.8820382352807174e-05,2.339976609728987e-15,1.290895889567241e-07,9.24964318384211e-09,0.1729455890245806,1.5417409526069404e-22,3.354215279379982e-20,0.0013457643207426553,1.6985260184879588e-16,3.9187525740207915e-10,1.084776577271871e-15,3.0397559317575462e-201,0.40899429466582016,3.0705533109808435e-07,0.001901502787787118,8.066517505901811e-06,0.0012788306186384925,0.00220940110481023,0.0008014215008425274,0.0320315701916704,5.702258461386287e-05,0.012500820132728428,0.02787017216363497,0.0001837544901487676
0.999316193610288,0.09712154818449362,0.6614681653494098,0.5573141309953658,0.2849965655401026,0.434414537424751,0.7664785846490147,0.9880237829859627,0.009750247407893927,0.6121067735077848,0.00504109801930138,0.3535220948811447,0.4668774260982802,0.5460578016657389,0.7221438558983629,0.1238847453864345,0.12139653728492464,0.29585720344905714,0.09753543301846243,0.6192251619615666,1.1586084959202473e-07,0.003431388748589559,0.7374353189583245,0.002839978380723505,0.6300670399517803,0.006332120829328092,0.2854277575727926,9.69332689045606e-08,0.01100195311693408,0.007266984809143091,0.48211721282480535,0.08392830594706294,0.017622262172419634,0.021203450051073002,0.0847930201484515,0.5260959408035562,3.7969544556217314e-05,0.015410542433978968,0.864662762562962,0.33251444354811693,0.2226210176681995,0.4341973294256418,0.8858454441142374,0.0007001240674092828,0.8808255997548735,0.7209080314792928,0.09390784742118581,0.10132731526669887,0.6516706624385507,0.19535267523883532,0.48430852546322,0.001568724907285672,0.7004241266739335,0.005307561078034415,0.0003947345294247923,0.09145758180142294,0.001448626615323236,0.6817541605357209,0.03435177651166552,0.123983735209288,0.28278947111467134,0.015768617225050248,0.1803764940197378,0.2914893624653278,0.6542484546076157
0.998535405543297,0.19654155095268663,0.12829603978776347,0.012690775801919785,0.01614812801088547,0.04418890440005345,0.12942873349209102,0.46493962006052336,0.6509065870590625,0.0009076618869420309,0.6893083100717368,0.00028922753380688213,0.32589530487191615,0.028399208065357937,2.557318972511534e-07,0.006824216878045333,0.49617302947752595,0.4077242340723858,0.035266776786803566,0.004951906515472542,0.3322728159434208,0.31275749125499525,0.005116762956856273,0.5353915524713193,0.0014050917536496124,0.46839684955298944,0.014803693297400436,0.5003468641250701,0.20104533561092913,0.8515106056691867,0.2612648206958705,0.49742176064772514,0.23182413897824156,0.024077848741093345,0.00935869725288697,0.07997099515457315,0.918512753161659,0.00462091126432696,0.3293664026650987,0.11445261631810241,0.07816632887980042,0.0034425319792298764,0.0002668100601886493,0.20746369498965567,0.9948888395708154,0.016884928811464524,0.0009356649007615873,0.0018887846620555396,0.41298115775189226,0.015149321800127877,9.534771994660397e-05,0.10659867765093664,0.0019346882468861094,0.22166450373297708,0.49196566925363694,0.3234284236345318,0.11066003121833123,0.4652251793652411,0.5868988037333804,0.5280772321403906,0.04883083068833391,0.875126488489795,0.4929112881150405,0.297911695387538,0.06214734925777769
0.9947933355166366,0.6723511120551953,0.7379552293769406,0.032400508288056656,7.430650833079596e-05,0.6142357112673986,0.20879722011223134,0.5712565460567471,0.07329618575038022,0.20782209863008355,0.25753675569188833,0.001212692331470826,0.014503105524935892,0.005613768129284528,0.0005055431006133357,3.3954148381433726e-06,0.012363656787829259,0.5125008819628096,0.6534916953306309,0.0008199623138779447,0.2902954798851836,0.0001981472495005838,0.0022681473024869655,6.284091726036307e-05,0.00011479772258038647,0.001613892010585079,0.0018467617560644957,2.7338740554004958e-05,0.0003019952658294684,5.5989891517178285e-06,7.745750898088739e-07,1.9711757932468807e-07,0.48093699240132304,0.036969884713549,0.3132761700363846,0.2128841470958113,0.0048188669949129105,0.216253925495702,0.9749411281046624,0.4233198845651399,0.02557767852329347,0.005619168402320769,0.000621648321896926,0.09614553070342778,0.12374274961661093,0.14388306502796394,0.0002450676273233798,5.431699399682759e-07,0.6119607228241832,2.0946395823745267e-06,0.0015600324826931197,0.0002797879890268634,0.0004938615183677832,0.3619989389202211,0.06933287783930146,1.0242794871396842e-07,0.08321058444654802,0.012429140704570268,1.4023815832627662e-05,1.0608229039230955e-06,0.0010806227692133975,0.00020727474090707107,0.007173219778466766,0.5772703160812531,0.23285889949117392
0.9768762542475545,0.4671476777008542,0.3182824860487903,0.0016060849295636357,2.0537759762911615e-06,0.68638062945437,0.06713653175828535,0.6093290274678658,0.16097184958989952,0.12740814808668316,0.3582641635333185,9.316711531376497e-07,0.01145339094265584,0.0541385062931633,2.2767568260876493e-10,7.1244584758052454e-12,6.447171922891764e-07,0.4301641802297683,0.016030948285591137,0.00010063443637610219,7.066607898134152e-05,0.0015000698005051528,2.1192844873971635e-06,8.709365858648857e-07,4.716727426085136e-09,0.0004555213946109305,2.815767833926173e-08,1.4989688910314866e-07,1.593712451366763e-05,2.728778105149503e-07,2.462936328760092e-10,1.4786094156151632e-08,0.8298948601907914,0.00036898011233293574,0.0017612241393704514,2.797384925582641e-05,0.0036747055553773846,0.01045983069623402,0.5388806943552467,0.011465595532219215,0.02118553135864874,7.303965431255221e-05,1.4292901343082981e-09,0.019371904847631623,0.0655543213170133,0.6696318451329801,2.1436831571418215e-10,2.933012244837237e-12,0.5552018153826044,7.687422721321795e-07,3.1723865203522704e-09,7.829173654795257e-09,8.521834682330814e-10,0.2674796202714355,0.00016579494982401523,0.00015275624969366279,2.643462392609698e-22,0.530276719816425,1.3739981372565893e-07,2.0406448556332323e-08,4.07473697977045e-08,8.741692145645884e-05,0.004819777950397145,0.7713203291157962,0.07669265292411258
0.9151958532441145,0.24523445373070188,3.117983420132225e-05,1.6099187174675784e-19,8.991336628208228e-24,0.15096219944483508,7.270456300053454e-06,0.0007985796610475667,4.990339768876475e-13,3.544130654413601e-07,7.493334632870877e-11,2.5489500494429604e-16,1.3653829572433878e-26,1.9504956019523758e-21,3.3899528605520064e-09,7.77219241461322e-12,3.80274949601601e-08,0.41749653143891663,0.06017569694030223,6.59171985876224e-08,6.276349804297674e-06,1.548712775149567e-24,6.199210145387307e-10,1.8815974293233737e-16,5.4863977284286896e-05,4.5236468140830513e-07,9.293049132902852e-06,5.164608505937163e-21,0.0013893085091583616,2.1952320190461024e-05,0.001105057393460451,2.2810461968427577e-06,0.26191269133924105,1.606616266082681e-07,3.5486276706613686e-16,3.2977181341034156e-18,2.2867107958630866e-21,0.0001779007211211013,0.3364990670584462,0.0012849550321730487,2.325716226658031e-19,3.2854183097591575e-27,5.4343615354199526e-05,0.00018737180540073187,1.4976114947310668e-05,0.18171600739573535,1.4689866349467533e-11,6.663424770571423e-30,0.0011036642607847788,2.214226598668801e-30,2.519214076840757e-09,8.850658030660057e-24,0.00036981015617172994,0.11524192389749494,0.00031769085542668297,8.634971502235926e-05,5.144228171920625e-06,1.8718371282137094e-223,0.00201214790902206,0.000513486084842855,0.0008905095557371556,3.263020504446418e-08,6.811080351929209e-05,0.2330235978234346,1.1890147112601834e-13
0.98110446453327,0.0016998040588085488,0.030965527841407835,4.6759610482125163e-11,1.6283236289359283e-10,0.0008721266411287233,0.016339135454397927,0.014148169011931423,1.0346843944364591e-07,0.08874039527761378,0.001386631003879714,1.5155151759061707e-07,7.0502316546504795e-06,0.23610227228425876,8.061827268425001e-14,8.801918885269739e-09,0.8691046758091803,0.9945414251318552,0.005576085809544665,9.224190491136218e-05,1.1092643218280345e-07,1.1842074397997385e-09,0.0015167370601590986,6.798336104424854e-16,0.0062820812292889204,3.8544031833144815e-12,3.1688422512899636e-17,5.1544539026090226e-21,4.9003007610527254e-24,2.85416178173747e-16,5.290189057830044e-09,2.3527494767311373e-11,8.030551279087691e-05,1.3978545787862248e-08,4.076836955682731e-06,1.857205841814298e-09,6.622873749830326e-08,0.1674072233852998,0.013513493180758665,4.2193130631333136e-08,0.00010623448039738463,1.1669569160935556e-06,7.15323384695072e-10,1.4415164743012101e-06,4.406476518844938e-06,0.3466214747925135,1.2056229787290247e-12,1.6208513396672804e-18,0.0012626280085401692,2.5186268600610973e-19,3.123794272310228e-09,8.120731681025916e-16,0.027335198401556696,0.3222315679148124,9.553674929849553e-07,0.003716921001438887,4.613151117436668e-06,0.002065409892285575,4.502067341744554e-190,0.06134618183759882,0.11623108568161618,0.00014967786082975597,0.00016172401526238028,0.003032609949377335,3.0213585767820635e-07
0.9573338162432722,0.0006225353644964866,0.004998685717345507,4.2652250312676595e-13,4.71748583539137e-11,0.000460159148787287,0.004580993504609916,0.015465675681995767,8.914920593082489e-10,0.03877312689211137,0.000303841714551187,2.066207887372478e-09,1.0332172378173395e-07,0.09185777571865877,4.314592989357394e-15,1.1303685888208402e-10,0.5307019244804079,0.98356022734962,0.003120343033812306,4.598992324002258e-05,3.282794330541176e-08,1.0102484915966994e-11,8.549303450315305e-05,5.1489499374422215e-18,0.00048061326273421114,6.537259605169945e-12,3.5688487391241515e-19,4.644003488457317e-25,1.236857760622691e-22,5.16966140154386e-10,2.00526009319755e-11,1.805337802913415e-19,3.8620349565820995e-06,7.897283756392154e-09,7.691037989860391e-07,2.2603572995382164e-10,1.0856692634864128e-10,0.17230903636626035,0.020405216705519806,8.95480379416474e-06,1.2744115752346756e-05,2.4416722021065326e-08,8.834878267826589e-12,4.550270694449012e-08,2.6161590540188347e-07,0.30885625549531903,9.057960776955327e-16,5.936343911018904e-21,0.002465795720143419,6.373448008577577e-22,6.898850663160656e-12,3.987119314546317e-20,0.0008818343098032071,0.2239417633873351,2.0767511543296537e-07,0.002025924471813036,3.125517182502496e-07,0.003430808136080642,0.2114734956184776,4.0671449710775553e-196,0.009898420797501792,3.183106454614331e-05,0.008224939155750902,0.0014129523929112381,9.459224661528844e-08
0.9968409730711515,0.01116638138118411,0.012423490200912107,1.3530887853851087e-10,6.604116931105916e-11,0.0009069997897742197,0.014344826492745167,0.0031755517886595907,2.5747971167884694e-07,0.0828999946139674,0.003067532621704961,8.052710705660756e-09,5.07023454974586e-07,0.05979224725363137,4.03148344642386e-14,3.3996505912288294e-08,0.8700897977368357,0.9846982409757953,0.012271165695844855,0.00023219501275369028,2.6840002650408063e-06,7.270818598468705e-11,2.7018284872960048e-05,8.409569202567707e-15,9.911574708193995e-06,3.787605554303114e-09,5.86221067175241e-13,5.816753998001153e-18,4.054458722158015e-18,1.5691569659178567e-08,5.094002769415951e-09,3.298565210455592e-08,0.003283288952465384,1.0525315233629042e-07,1.6846364333472975e-06,1.7609241649029854e-09,1.6911804432467042e-07,0.07772676967314006,0.03807099447157443,6.74652226776829e-07,6.541378741452295e-05,2.5931535757144937e-06,7.3538245151616e-09,3.887539373089455e-06,8.238055810086506e-07,0.11900335699567684,6.907558609015595e-15,2.43086648647908e-19,0.0008349840734239721,1.9269250402188007e-19,3.951052300742588e-07,2.0954162599670074e-15,0.12667898083404372,0.2696425053476502,2.3276477145708244e-06,0.0034324867554737745,2.557644760290313e-05,0.0031148052472349604,0.008947375512280588,0.0046689214018312535,3.1113145748526098e-183,1.55528533949268e-05,4.772318939596963e-06,0.018092103551446647,6.953356750187039e-08
0.9929691734310908,0.007848602107786144,0.008175470885421353,1.2058052846711417e-14,1.7136920023670912e-18,0.0003862509362964642,0.0012240783814340343,0.017588832549761964,2.456115950442565e-07,0.0010876262527154288,8.025575015928629e-07,6.423363103373512e-12,1.1931403655419917e-06,0.002093421523528252,4.781447163772029e-10,5.235255788216359e-10,0.5270398534843621,0.8207247446970231,0.004735224768763839,1.0748072245932972e-05,6.85872771290748e-08,6.305575065828104e-15,4.606641577736528e-06,1.3166975643857499e-21,0.0006912317621987676,1.0332310270430778e-11,2.3166725136114818e-11,1.95507618297874e-25,2.711230718692389e-09,0.010621417633837565,0.4934203995045494,0.0010305496017088583,0.0424779434372103,5.928323790195679e-08,9.141387697882429e-12,1.2272170311067338e-10,5.90422736958597e-11,0.012418589266547729,0.204665492296905,0.0004005182084079192,2.961987189139324e-09,3.189711606873875e-11,2.2280198801781105e-06,0.0003181149060601656,0.10744509589075432,0.08652950962325735,2.7934016470017675e-10,2.4043482069980197e-28,0.00019146234953292527,6.437576973729928e-28,5.122189468738281e-11,7.372525546954912e-22,0.0015463105653415819,0.17564328930924367,2.2293053342045615e-06,0.003482362521530945,1.4965907149493064e-05,0.011520653749346585,0.226447430552296,0.27495528298968214,0.01758417632759543,1.4001412648858338e-188,5.49188996118765e-06,0.010732251272995688,2.2752389105135785e-11
0.9778379298468926,0.0019280497720384263,1.4642122108484543e-07,1.86321095540455e-25,3.4139621681937596e-26,1.5686610929579036e-05,1.1899192251818658e-06,0.0028695172570532114,1.4424842365648586e-13,1.82741629080257e-06,1.3616276945025875e-09,2.6060090770192794e-18,3.587765568384887e-14,1.0090371836978696e-08,1.3623034733566967e-09,3.3294396359733978e-09,0.0010334213368340358,0.915699038839265,0.025895420208089773,4.5301504138600746e-06,1.0882706404367338e-06,3.727992592700792e-24,5.574629729537837e-10,7.755875202192729e-21,0.00046636143369268484,8.087381657514956e-12,1.898571890449812e-08,2.880278169215641e-23,2.655127812322449e-06,6.5948969182462395e-06,0.002220436524020077,2.4304510623709454e-06,0.061311593742939305,1.9612804385352385e-12,2.06972058835544e-20,1.6556541894499447e-17,2.836578560713399e-18,0.000407547079155139,0.45192063643162816,3.474272273661205e-05,1.9199976062900737e-14,2.6070564839969715e-18,9.443067029077532e-06,0.0010300144293133625,0.001428447173627152,0.007094528296356229,4.158652715026065e-12,9.954316971909926e-33,1.3879293669602967e-05,2.389235822014259e-34,4.2599970534033254e-11,1.5960831803440766e-27,0.001404184904916676,0.10155042400692788,7.916115873471928e-06,0.002157667439425126,7.244308018023159e-06,1.0862907975248248e-05,0.012828310552937098,0.0033396864377598255,0.005193136555228931,1.3847656387605027e-11,1.756695973490833e-206,0.001804892605376123,3.2706370313321323e-16
0.4892492384397492,0.03904274492120926,4.720007871107284e-40,2.3141306061248093e-44,1.2940337445737515e-27,8.245984270929605e-13,2.891646419282064e-19,1.593254150778562e-07,5.987013638622236e-29,8.441253666339564e-28,4.137170789589468e-15,1.3067324641584882e-24,1.3769670957756449e-21,6.586506024559297e-27,3.69836910851538e-09,1.19204921296273e-09,1.5966876231854173e-14,0.5747152641294866,0.27106128875224117,3.3360904230338942e-06,5.709096132584723e-05,3.6137273234239515e-22,1.592359908162736e-10,8.608565516118874e-16,1.9817053399324737e-05,2.598553091418819e-10,2.7299658728151952e-08,2.8206563383490272e-21,2.475106753033384e-06,3.8760313866104464e-06,0.0001685248912322531,2.6030470449291294e-06,0.2515050468800617,1.3312814692830554e-54,2.765900359608992e-41,5.636426815856492e-39,3.995069585665723e-37,9.006824893419316e-06,0.28762267939353076,4.019165570655389e-40,5.924204624995992e-19,6.348234014492432e-42,0.00010412362204976724,3.2142415064953285e-05,3.25148240727198e-11,6.154076649770187e-10,1.6327651737216965e-12,7.130036381466867e-27,1.2150233028635475e-09,1.3115178545268978e-28,2.8844789077926452e-09,6.6145316088064755e-24,0.0002592111795226733,0.012049128306635319,0.00014531063814607545,5.37333607326913e-05,8.675008070628605e-07,9.059597985076493e-05,0.00015670412250136026,3.9018032289125487e-05,4.645836761391439e-05,2.4240245725634868e-11,1.4415326493385567e-09,0.0,4.8690517167909177e-23
0.9508594832213655,2.141147048041573e-09,0.0007331082418601182,0.02781710076444952,5.456411968925154e-10,4.563215347824829e-09,0.38852730252750156,0.0029289992606083308,0.007831677411648369,0.7237781264551553,3.161525527012299e-08,1.608118740270121e-10,0.005919380857285521,5.734852056416995e-07,0.038495526081360795,7.235857655714792e-05,7.093588365183043e-14,0.6814143847989081,0.672884329452102,0.001785619055044466,0.29786991445853106,0.029541542362847464,0.00015138303702291232,1.8877307484983979e-06,0.00011764158122941178,5.213874160614883e-09,3.535349430981002e-11,1.4120160406352328e-13,8.132605996994501e-12,6.176988712900052e-07,1.520129308118149e-06,7.878724151300464e-07,2.613384359657016e-13,2.082705028465065e-05,0.7336854439289249,4.632336837213049e-06,7.133301714382715e-05,8.623772650977572e-12,0.0005061464876668537,2.508876811738942e-06,6.2804369470358745e-09,2.413473511111059e-15,5.89986167704208e-06,8.749680897095573e-06,3.226299069623893e-05,0.0052244651240851295,2.221888792771484e-05,3.1166325736039254e-11,0.0035620256934526377,0.0014342279681549778,0.0003114615540871424,1.647270928494147e-09,0.0003139414020820196,0.11137943954157559,0.41327093935905335,0.2591728051139123,0.03526547916648304,0.29402672108836775,1.8687634922059298e-07,1.6381302714648504e-07,3.335327777580056e-07,3.8053084626763613e-07,0.0050135327509776145,2.3189102958185126e-09,4.310475382139818e-133
